report_issue_date,diagnoise_res,diagnoise_num
2021-11-16,其他疾病或异常,5822
2021-11-16,职业性中毒性肝病,4
2021-11-16,职业性听力损伤,103
2021-11-16,职业性呼吸系统疾病,8
2021-11-16,职业性心血管系统系统疾病,17
2021-11-16,职业性泌尿生殖系统疾病,10
2021-11-17,其他疾病或异常,4053
2021-11-17,疑似职业病,1
2021-11-17,职业性中毒性肝病,1
2021-11-17,职业性听力损伤,58
2021-11-17,职业性呼吸系统疾病,7
2021-11-17,职业性心血管系统系统疾病,25
2021-11-17,职业性泌尿生殖系统疾病,5
2021-11-18,其他疾病或异常,3764
2021-11-18,职业性内分泌系统疾病,1
2021-11-18,职业性听力损伤,66
2021-11-18,职业性呼吸系统疾病,5
2021-11-18,职业性心血管系统系统疾病,12
2021-11-18,职业性泌尿生殖系统疾病,5
2021-11-19,其他疾病或异常,3704
2021-11-19,职业性中毒性肝病,2
2021-11-19,职业性听力损伤,94
2021-11-19,职业性呼吸系统疾病,6
2021-11-19,职业性心血管系统系统疾病,9
2021-11-19,职业性泌尿生殖系统疾病,4
2021-11-20,其他疾病或异常,1829
2021-11-20,疑似职业病,2
2021-11-20,职业性中毒性肝病,2
2021-11-20,职业性听力损伤,20
2021-11-20,职业性呼吸系统疾病,2
2021-11-20,职业性心血管系统系统疾病,7
2021-11-20,职业性泌尿生殖系统疾病,4
2021-11-21,其他疾病或异常,2107
2021-11-21,疑似职业病,3
2021-11-21,职业性中毒性肝病,1
2021-11-21,职业性听力损伤,56
2021-11-21,职业性呼吸系统疾病,4
2021-11-21,职业性心血管系统系统疾病,22
2021-11-22,其他疾病或异常,5620
2021-11-22,职业性中毒性肝病,1
2021-11-22,职业性听力损伤,35
2021-11-22,职业性呼吸系统疾病,5
2021-11-22,职业性心血管系统系统疾病,6
2021-11-22,职业性泌尿生殖系统疾病,4
2021-11-22,职业性眼病,1
2021-11-23,其他疾病或异常,4938
2021-11-23,职业性中毒性肝病,4
2021-11-23,职业性中毒性肾病,1
2021-11-23,职业性听力损伤,197
2021-11-23,职业性呼吸系统疾病,11
2021-11-23,职业性心血管系统系统疾病,37
2021-11-23,职业性泌尿生殖系统疾病,23
2021-11-24,其他疾病或异常,4794
2021-11-24,职业性中毒性肝病,2
2021-11-24,职业性中毒性肾病,3
2021-11-24,职业性听力损伤,101
2021-11-24,职业性呼吸系统疾病,9
2021-11-24,职业性心血管系统系统疾病,22
2021-11-24,职业性泌尿生殖系统疾病,13
2021-11-25,其他疾病或异常,4380
2021-11-25,疑似职业病,1
2021-11-25,职业性中毒性肝病,2
2021-11-25,职业性中毒性肾病,1
2021-11-25,职业性听力损伤,64
2021-11-25,职业性呼吸系统疾病,11
2021-11-25,职业性心血管系统系统疾病,25
2021-11-25,职业性泌尿生殖系统疾病,21
2021-11-26,其他疾病或异常,2849
2021-11-26,疑似职业病,2
2021-11-26,职业性中毒性肝病,1
2021-11-26,职业性内分泌系统疾病,1
2021-11-26,职业性听力损伤,63
2021-11-26,职业性呼吸系统疾病,7
2021-11-26,职业性心血管系统系统疾病,17
2021-11-26,职业性泌尿生殖系统疾病,8
2021-11-26,职业性眼病,1
2021-11-27,其他疾病或异常,3666
2021-11-27,疑似职业病,2
2021-11-27,职业性中毒性肝病,2
2021-11-27,职业性听力损伤,63
2021-11-27,职业性呼吸系统疾病,3
2021-11-27,职业性心血管系统系统疾病,7
2021-11-27,职业性泌尿生殖系统疾病,3
2021-11-28,其他疾病或异常,3764
2021-11-28,职业性中毒性肝病,1
2021-11-28,职业性内分泌系统疾病,1
2021-11-28,职业性听力损伤,24
2021-11-28,职业性呼吸系统疾病,6
2021-11-28,职业性心血管系统系统疾病,5
2021-11-28,职业性泌尿生殖系统疾病,2
2021-11-29,其他疾病或异常,3813
2021-11-29,职业性中毒性肝病,2
2021-11-29,职业性内分泌系统疾病,1
2021-11-29,职业性听力损伤,76
2021-11-29,职业性呼吸系统疾病,9
2021-11-29,职业性心血管系统系统疾病,12
2021-11-29,职业性泌尿生殖系统疾病,6
2021-11-30,其他疾病或异常,6947
2021-11-30,疑似职业病,1
2021-11-30,职业性听力损伤,95
2021-11-30,职业性呼吸系统疾病,16
2021-11-30,职业性心血管系统系统疾病,15
2021-11-30,职业性泌尿生殖系统疾病,4
2021-11-30,职业性眼病,1
2021-12-01,其他疾病或异常,3950
2021-12-01,职业性内分泌系统疾病,1
2021-12-01,职业性听力损伤,73
2021-12-01,职业性呼吸系统疾病,7
2021-12-01,职业性心血管系统系统疾病,18
2021-12-01,职业性泌尿生殖系统疾病,2
2021-12-01,职业性眼病,3
2021-12-02,其他疾病或异常,5185
2021-12-02,疑似职业病,1
2021-12-02,职业性中毒性肝病,2
2021-12-02,职业性听力损伤,55
2021-12-02,职业性呼吸系统疾病,12
2021-12-02,职业性心血管系统系统疾病,7
2021-12-02,职业性泌尿生殖系统疾病,7
2021-12-03,其他疾病或异常,3486
2021-12-03,职业性听力损伤,51
2021-12-03,职业性呼吸系统疾病,2
2021-12-03,职业性心血管系统系统疾病,9
2021-12-03,职业性泌尿生殖系统疾病,2
2021-12-03,职业性骨关节疾病,1
2021-12-04,其他疾病或异常,2612
2021-12-04,疑似职业病,1
2021-12-04,职业性内分泌系统疾病,1
2021-12-04,职业性听力损伤,50
2021-12-04,职业性呼吸系统疾病,5
2021-12-04,职业性心血管系统系统疾病,4
2021-12-05,其他疾病或异常,1323
2021-12-05,职业性听力损伤,12
2021-12-05,职业性呼吸系统疾病,1
2021-12-05,职业性心血管系统系统疾病,1
2021-12-05,职业性泌尿生殖系统疾病,1
2021-12-06,其他疾病或异常,4045
2021-12-06,职业性中毒性肝病,1
2021-12-06,职业性听力损伤,40
2021-12-06,职业性呼吸系统疾病,6
2021-12-06,职业性心血管系统系统疾病,6
2021-12-06,职业性泌尿生殖系统疾病,7
2021-12-07,其他疾病或异常,3596
2021-12-07,职业性听力损伤,90
2021-12-07,职业性呼吸系统疾病,8
2021-12-07,职业性心血管系统系统疾病,8
2021-12-07,职业性泌尿生殖系统疾病,6
2021-12-08,其他疾病或异常,4045
2021-12-08,疑似职业病,1
2021-12-08,职业性中毒性肝病,1
2021-12-08,职业性听力损伤,80
2021-12-08,职业性呼吸系统疾病,7
2021-12-08,职业性心血管系统系统疾病,6
2021-12-08,职业性泌尿生殖系统疾病,4
2021-12-09,其他疾病或异常,3386
2021-12-09,疑似职业病,1
2021-12-09,职业性听力损伤,50
2021-12-09,职业性呼吸系统疾病,6
2021-12-09,职业性心血管系统系统疾病,6
2021-12-09,职业性泌尿生殖系统疾病,1
2021-12-10,其他疾病或异常,3628
2021-12-10,疑似职业病,1
2021-12-10,职业性中毒性肝病,2
2021-12-10,职业性听力损伤,63
2021-12-10,职业性呼吸系统疾病,5
2021-12-10,职业性心血管系统系统疾病,15
2021-12-10,职业性泌尿生殖系统疾病,8
2021-12-11,其他疾病或异常,1782
2021-12-11,疑似职业病,1
2021-12-11,职业性中毒性肝病,1
2021-12-11,职业性听力损伤,20
2021-12-11,职业性呼吸系统疾病,4
2021-12-11,职业性心血管系统系统疾病,2
2021-12-12,其他疾病或异常,1347
2021-12-12,职业性听力损伤,13
2021-12-12,职业性呼吸系统疾病,1
2021-12-12,职业性心血管系统系统疾病,2
2021-12-12,职业性泌尿生殖系统疾病,2
2021-12-13,其他疾病或异常,3842
2021-12-13,职业性内分泌系统疾病,1
2021-12-13,职业性听力损伤,92
2021-12-13,职业性呼吸系统疾病,6
2021-12-13,职业性心血管系统系统疾病,24
2021-12-13,职业性泌尿生殖系统疾病,2
2021-12-14,其他疾病或异常,3646
2021-12-14,职业性中毒性肝病,2
2021-12-14,职业性听力损伤,67
2021-12-14,职业性呼吸系统疾病,5
2021-12-14,职业性心血管系统系统疾病,14
2021-12-14,职业性放射性疾病,1
2021-12-14,职业性泌尿生殖系统疾病,2
2021-12-15,其他疾病或异常,5049
2021-12-15,疑似职业病,1
2021-12-15,职业性内分泌系统疾病,1
2021-12-15,职业性听力损伤,57
2021-12-15,职业性呼吸系统疾病,4
2021-12-15,职业性心血管系统系统疾病,10
2021-12-15,职业性泌尿生殖系统疾病,8
2021-12-16,其他疾病或异常,2772
2021-12-16,职业性听力损伤,35
2021-12-16,职业性呼吸系统疾病,7
2021-12-16,职业性心血管系统系统疾病,9
2021-12-16,职业性泌尿生殖系统疾病,7
2021-12-16,职业性眼病,1
2021-12-17,其他疾病或异常,2198
2021-12-17,疑似职业病,3
2021-12-17,职业性中毒性肝病,1
2021-12-17,职业性听力损伤,31
2021-12-17,职业性呼吸系统疾病,7
2021-12-17,职业性心血管系统系统疾病,7
2021-12-17,职业性泌尿生殖系统疾病,6
2021-12-18,其他疾病或异常,1942
2021-12-18,职业性听力损伤,25
2021-12-18,职业性呼吸系统疾病,1
2021-12-18,职业性心血管系统系统疾病,1
2021-12-18,职业性泌尿生殖系统疾病,7
2021-12-19,其他疾病或异常,910
2021-12-19,职业性中毒性肾病,1
2021-12-19,职业性内分泌系统疾病,1
2021-12-19,职业性听力损伤,10
2021-12-19,职业性呼吸系统疾病,2
2021-12-19,职业性心血管系统系统疾病,4
2021-12-19,职业性泌尿生殖系统疾病,2
2021-12-20,其他疾病或异常,4653
2021-12-20,职业性听力损伤,82
2021-12-20,职业性呼吸系统疾病,11
2021-12-20,职业性心血管系统系统疾病,13
2021-12-20,职业性泌尿生殖系统疾病,3
2021-12-21,其他疾病或异常,2413
2021-12-21,职业性中毒性肝病,1
2021-12-21,职业性听力损伤,61
2021-12-21,职业性呼吸系统疾病,14
2021-12-21,职业性心血管系统系统疾病,11
2021-12-21,职业性泌尿生殖系统疾病,5
2021-12-22,其他疾病或异常,4119
2021-12-22,职业性听力损伤,56
2021-12-22,职业性呼吸系统疾病,7
2021-12-22,职业性心血管系统系统疾病,17
2021-12-22,职业性泌尿生殖系统疾病,11
2021-12-22,职业性眼病,1
2021-12-23,其他疾病或异常,2647
2021-12-23,职业性听力损伤,41
2021-12-23,职业性呼吸系统疾病,12
2021-12-23,职业性心血管系统系统疾病,8
2021-12-23,职业性放射性疾病,1
2021-12-23,职业性泌尿生殖系统疾病,2
2021-12-23,职业性眼病,2
2021-12-23,职业性神经系统疾病,2
2021-12-24,其他疾病或异常,2400
2021-12-24,职业性听力损伤,68
2021-12-24,职业性呼吸系统疾病,8
2021-12-24,职业性心血管系统系统疾病,13
2021-12-24,职业性泌尿生殖系统疾病,4
2021-12-25,其他疾病或异常,1628
2021-12-25,职业性听力损伤,17
2021-12-25,职业性呼吸系统疾病,2
2021-12-25,职业性心血管系统系统疾病,16
2021-12-25,职业性泌尿生殖系统疾病,2
2021-12-26,其他疾病或异常,992
2021-12-26,疑似职业病,1
2021-12-26,职业性中毒性肝病,1
2021-12-26,职业性听力损伤,7
2021-12-26,职业性心血管系统系统疾病,2
2021-12-27,其他疾病或异常,2080
2021-12-27,职业性中毒性肝病,1
2021-12-27,职业性听力损伤,46
2021-12-27,职业性呼吸系统疾病,3
2021-12-27,职业性心血管系统系统疾病,7
2021-12-27,职业性泌尿生殖系统疾病,6
2021-12-27,职业性皮肤病,1
2021-12-28,其他疾病或异常,2772
2021-12-28,疑似职业病,1
2021-12-28,职业性听力损伤,48
2021-12-28,职业性呼吸系统疾病,3
2021-12-28,职业性心血管系统系统疾病,10
2021-12-28,职业性泌尿生殖系统疾病,3
2021-12-29,其他疾病或异常,3637
2021-12-29,职业性听力损伤,65
2021-12-29,职业性呼吸系统疾病,6
2021-12-29,职业性心血管系统系统疾病,2
2021-12-29,职业性泌尿生殖系统疾病,3
2021-12-30,其他疾病或异常,2870
2021-12-30,疑似职业病,1
2021-12-30,职业性听力损伤,39
2021-12-30,职业性呼吸系统疾病,10
2021-12-30,职业性心血管系统系统疾病,23
2021-12-30,职业性泌尿生殖系统疾病,12
2021-12-31,其他疾病或异常,1985
2021-12-31,职业性听力损伤,23
2021-12-31,职业性呼吸系统疾病,4
2021-12-31,职业性心血管系统系统疾病,12
2021-12-31,职业性泌尿生殖系统疾病,14
2022-01-01,其他疾病或异常,376
2022-01-01,职业性听力损伤,3
2022-01-01,职业性呼吸系统疾病,1
2022-01-01,职业性心血管系统系统疾病,1
2022-01-01,职业性泌尿生殖系统疾病,2
2022-01-02,其他疾病或异常,514
2022-01-02,职业性听力损伤,10
2022-01-02,职业性心血管系统系统疾病,3
2022-01-03,其他疾病或异常,2014
2022-01-03,职业性听力损伤,35
2022-01-03,职业性呼吸系统疾病,9
2022-01-03,职业性心血管系统系统疾病,10
2022-01-03,职业性泌尿生殖系统疾病,1
2022-01-04,其他疾病或异常,2615
2022-01-04,职业性中毒性肝病,3
2022-01-04,职业性听力损伤,32
2022-01-04,职业性呼吸系统疾病,2
2022-01-04,职业性心血管系统系统疾病,9
2022-01-04,职业性泌尿生殖系统疾病,1
2022-01-05,其他疾病或异常,1901
2022-01-05,职业性听力损伤,43
2022-01-05,职业性呼吸系统疾病,4
2022-01-05,职业性心血管系统系统疾病,6
2022-01-05,职业性泌尿生殖系统疾病,3
2022-01-06,其他疾病或异常,2086
2022-01-06,疑似职业病,1
2022-01-06,职业性内分泌系统疾病,1
2022-01-06,职业性听力损伤,40
2022-01-06,职业性呼吸系统疾病,1
2022-01-06,职业性心血管系统系统疾病,1
2022-01-06,职业性泌尿生殖系统疾病,3
2022-01-07,其他疾病或异常,2561
2022-01-07,疑似职业病,1
2022-01-07,职业性听力损伤,41
2022-01-07,职业性呼吸系统疾病,5
2022-01-07,职业性心血管系统系统疾病,5
2022-01-07,职业性泌尿生殖系统疾病,2
2022-01-08,其他疾病或异常,869
2022-01-08,职业性中毒性肝病,1
2022-01-08,职业性听力损伤,17
2022-01-08,职业性心血管系统系统疾病,13
2022-01-08,职业性泌尿生殖系统疾病,4
2022-01-09,其他疾病或异常,629
2022-01-09,职业性听力损伤,2
2022-01-09,职业性呼吸系统疾病,1
2022-01-09,职业性心血管系统系统疾病,2
2022-01-10,其他疾病或异常,2287
2022-01-10,职业性听力损伤,36
2022-01-10,职业性呼吸系统疾病,10
2022-01-10,职业性心血管系统系统疾病,6
2022-01-10,职业性泌尿生殖系统疾病,6
2022-01-11,其他疾病或异常,1722
2022-01-11,疑似职业病,1
2022-01-11,职业性内分泌系统疾病,1
2022-01-11,职业性听力损伤,31
2022-01-11,职业性呼吸系统疾病,5
2022-01-11,职业性心血管系统系统疾病,20
2022-01-11,职业性泌尿生殖系统疾病,6
2022-01-12,其他疾病或异常,2293
2022-01-12,职业性听力损伤,90
2022-01-12,职业性呼吸系统疾病,8
2022-01-12,职业性心血管系统系统疾病,13
2022-01-12,职业性泌尿生殖系统疾病,5
2022-01-13,其他疾病或异常,1657
2022-01-13,疑似职业病,6
2022-01-13,职业性听力损伤,31
2022-01-13,职业性呼吸系统疾病,11
2022-01-13,职业性心血管系统系统疾病,1
2022-01-13,职业性泌尿生殖系统疾病,3
2022-01-13,职业性眼病,1
2022-01-14,其他疾病或异常,1184
2022-01-14,疑似职业病,2
2022-01-14,职业性中毒性肝病,1
2022-01-14,职业性听力损伤,28
2022-01-14,职业性呼吸系统疾病,2
2022-01-14,职业性心血管系统系统疾病,8
2022-01-14,职业性泌尿生殖系统疾病,6
2022-01-15,其他疾病或异常,2630
2022-01-15,疑似职业病,2
2022-01-15,职业性中毒性肝病,2
2022-01-15,职业性听力损伤,80
2022-01-15,职业性呼吸系统疾病,2
2022-01-15,职业性心血管系统系统疾病,14
2022-01-15,职业性泌尿生殖系统疾病,1
2022-01-15,职业性神经系统疾病,1
2022-01-16,其他疾病或异常,322
2022-01-16,职业性听力损伤,5
2022-01-17,其他疾病或异常,1337
2022-01-17,疑似职业病,1
2022-01-17,职业性中毒性肝病,1
2022-01-17,职业性听力损伤,37
2022-01-17,职业性呼吸系统疾病,9
2022-01-17,职业性心血管系统系统疾病,19
2022-01-17,职业性皮肤病,1
2022-01-17,职业性眼病,6
2022-01-18,其他疾病或异常,1258
2022-01-18,疑似职业病,1
2022-01-18,职业性听力损伤,18
2022-01-18,职业性呼吸系统疾病,5
2022-01-18,职业性心血管系统系统疾病,5
2022-01-18,职业性泌尿生殖系统疾病,5
2022-01-18,职业性眼病,1
2022-01-19,其他疾病或异常,1746
2022-01-19,职业性中毒性肾病,1
2022-01-19,职业性内分泌系统疾病,1
2022-01-19,职业性听力损伤,29
2022-01-19,职业性呼吸系统疾病,3
2022-01-19,职业性心血管系统系统疾病,15
2022-01-19,职业性泌尿生殖系统疾病,10
2022-01-20,其他疾病或异常,1117
2022-01-20,职业性听力损伤,15
2022-01-20,职业性呼吸系统疾病,2
2022-01-20,职业性心血管系统系统疾病,4
2022-01-20,职业性放射性疾病,1
2022-01-20,职业性泌尿生殖系统疾病,2
2022-01-21,其他疾病或异常,1896
2022-01-21,职业性中毒性肝病,9
2022-01-21,职业性听力损伤,33
2022-01-21,职业性心血管系统系统疾病,6
2022-01-21,职业性泌尿生殖系统疾病,2
2022-01-22,其他疾病或异常,636
2022-01-22,疑似职业病,1
2022-01-22,职业性听力损伤,13
2022-01-22,职业性心血管系统系统疾病,5
2022-01-23,其他疾病或异常,451
2022-01-23,职业性中毒性肝病,2
2022-01-23,职业性听力损伤,2
2022-01-23,职业性呼吸系统疾病,1
2022-01-23,职业性心血管系统系统疾病,1
2022-01-24,其他疾病或异常,828
2022-01-24,疑似职业病,2
2022-01-24,职业性听力损伤,9
2022-01-24,职业性心血管系统系统疾病,7
2022-01-24,职业性泌尿生殖系统疾病,1
2022-01-25,其他疾病或异常,652
2022-01-25,职业性中毒性肝病,1
2022-01-25,职业性听力损伤,16
2022-01-25,职业性呼吸系统疾病,5
2022-01-25,职业性心血管系统系统疾病,3
2022-01-25,职业性泌尿生殖系统疾病,2
2022-01-25,职业性眼病,1
2022-01-26,其他疾病或异常,300
2022-01-26,疑似职业病,1
2022-01-26,职业性听力损伤,11
2022-01-26,职业性呼吸系统疾病,1
2022-01-27,其他疾病或异常,338
2022-01-27,职业性听力损伤,7
2022-01-27,职业性呼吸系统疾病,2
2022-01-28,其他疾病或异常,219
2022-01-28,职业性听力损伤,2
2022-01-28,职业性心血管系统系统疾病,1
2022-01-29,其他疾病或异常,51
2022-01-29,职业性听力损伤,5
2022-01-29,职业性心血管系统系统疾病,1
2022-01-30,其他疾病或异常,41
2022-01-30,职业性听力损伤,1
2022-01-30,职业性心血管系统系统疾病,1
2022-01-30,职业性泌尿生殖系统疾病,1
2022-01-31,其他疾病或异常,3
2022-02-01,其他疾病或异常,1
2022-02-02,其他疾病或异常,19
2022-02-03,其他疾病或异常,16
2022-02-04,其他疾病或异常,9
2022-02-05,其他疾病或异常,15
2022-02-06,其他疾病或异常,13
2022-02-07,其他疾病或异常,252
2022-02-07,职业性听力损伤,4
2022-02-07,职业性泌尿生殖系统疾病,2
2022-02-08,其他疾病或异常,711
2022-02-08,职业性听力损伤,43
2022-02-08,职业性呼吸系统疾病,7
2022-02-08,职业性心血管系统系统疾病,5
2022-02-08,职业性泌尿生殖系统疾病,2
2022-02-09,其他疾病或异常,822
2022-02-09,职业性中毒性肝病,1
2022-02-09,职业性听力损伤,54
2022-02-09,职业性呼吸系统疾病,5
2022-02-09,职业性心血管系统系统疾病,9
2022-02-09,职业性泌尿生殖系统疾病,4
2022-02-10,其他疾病或异常,1450
2022-02-10,职业性中毒性肝病,2
2022-02-10,职业性内分泌系统疾病,1
2022-02-10,职业性听力损伤,90
2022-02-10,职业性呼吸系统疾病,8
2022-02-10,职业性心血管系统系统疾病,5
2022-02-10,职业性泌尿生殖系统疾病,2
2022-02-11,其他疾病或异常,1944
2022-02-11,职业性听力损伤,104
2022-02-11,职业性呼吸系统疾病,5
2022-02-11,职业性心血管系统系统疾病,5
2022-02-11,职业性泌尿生殖系统疾病,5
2022-02-12,其他疾病或异常,1226
2022-02-12,职业性中毒性肝病,14
2022-02-12,职业性听力损伤,106
2022-02-12,职业性呼吸系统疾病,1
2022-02-12,职业性心血管系统系统疾病,8
2022-02-12,职业性泌尿生殖系统疾病,2
2022-02-13,其他疾病或异常,610
2022-02-13,职业性中毒性肝病,1
2022-02-13,职业性听力损伤,69
2022-02-13,职业性心血管系统系统疾病,10
2022-02-13,职业性泌尿生殖系统疾病,4
2022-02-14,其他疾病或异常,2588
2022-02-14,职业性中毒性肝病,6
2022-02-14,职业性听力损伤,131
2022-02-14,职业性呼吸系统疾病,9
2022-02-14,职业性心血管系统系统疾病,7
2022-02-14,职业性泌尿生殖系统疾病,8
2022-02-15,其他疾病或异常,2175
2022-02-15,职业性中毒性肝病,8
2022-02-15,职业性听力损伤,147
2022-02-15,职业性呼吸系统疾病,14
2022-02-15,职业性心血管系统系统疾病,26
2022-02-15,职业性泌尿生殖系统疾病,7
2022-02-15,职业性皮肤病,1
2022-02-16,其他疾病或异常,2034
2022-02-16,疑似职业病,2
2022-02-16,职业性中毒性肝病,2
2022-02-16,职业性听力损伤,149
2022-02-16,职业性呼吸系统疾病,9
2022-02-16,职业性心血管系统系统疾病,17
2022-02-16,职业性泌尿生殖系统疾病,9
2022-02-17,其他疾病或异常,1784
2022-02-17,职业性中毒性肝病,5
2022-02-17,职业性听力损伤,135
2022-02-17,职业性呼吸系统疾病,15
2022-02-17,职业性心血管系统系统疾病,7
2022-02-17,职业性泌尿生殖系统疾病,5
2022-02-18,其他疾病或异常,1890
2022-02-18,疑似职业病,1
2022-02-18,职业性中毒性肝病,8
2022-02-18,职业性听力损伤,123
2022-02-18,职业性呼吸系统疾病,9
2022-02-18,职业性心血管系统系统疾病,18
2022-02-18,职业性泌尿生殖系统疾病,8
2022-02-19,其他疾病或异常,1045
2022-02-19,职业性中毒性肝病,1
2022-02-19,职业性听力损伤,80
2022-02-19,职业性呼吸系统疾病,7
2022-02-19,职业性心血管系统系统疾病,10
2022-02-19,职业性泌尿生殖系统疾病,4
2022-02-20,其他疾病或异常,731
2022-02-20,职业性中毒性肝病,1
2022-02-20,职业性听力损伤,32
2022-02-20,职业性呼吸系统疾病,1
2022-02-20,职业性心血管系统系统疾病,4
2022-02-20,职业性泌尿生殖系统疾病,4
2022-02-21,其他疾病或异常,2421
2022-02-21,职业性中毒性肝病,22
2022-02-21,职业性中毒性肾病,1
2022-02-21,职业性听力损伤,185
2022-02-21,职业性呼吸系统疾病,17
2022-02-21,职业性心血管系统系统疾病,20
2022-02-21,职业性泌尿生殖系统疾病,11
2022-02-21,职业性皮肤病,1
2022-02-22,其他疾病或异常,2834
2022-02-22,职业性中毒性肝病,13
2022-02-22,职业性内分泌系统疾病,1
2022-02-22,职业性听力损伤,227
2022-02-22,职业性呼吸系统疾病,11
2022-02-22,职业性心血管系统系统疾病,46
2022-02-22,职业性泌尿生殖系统疾病,16
2022-02-22,职业性眼病,2
2022-02-23,其他疾病或异常,2483
2022-02-23,职业性中毒性肝病,13
2022-02-23,职业性听力损伤,177
2022-02-23,职业性呼吸系统疾病,9
2022-02-23,职业性心血管系统系统疾病,20
2022-02-23,职业性泌尿生殖系统疾病,7
2022-02-24,其他疾病或异常,2608
2022-02-24,疑似职业病,1
2022-02-24,职业性中毒性肝病,16
2022-02-24,职业性内分泌系统疾病,2
2022-02-24,职业性听力损伤,207
2022-02-24,职业性呼吸系统疾病,7
2022-02-24,职业性心血管系统系统疾病,31
2022-02-24,职业性泌尿生殖系统疾病,22
2022-02-25,其他疾病或异常,3107
2022-02-25,职业性中毒性肝病,6
2022-02-25,职业性听力损伤,193
2022-02-25,职业性呼吸系统疾病,17
2022-02-25,职业性心血管系统系统疾病,48
2022-02-25,职业性泌尿生殖系统疾病,8
2022-02-26,其他疾病或异常,1213
2022-02-26,职业性中毒性肝病,2
2022-02-26,职业性听力损伤,101
2022-02-26,职业性呼吸系统疾病,6
2022-02-26,职业性心血管系统系统疾病,10
2022-02-26,职业性泌尿生殖系统疾病,6
2022-02-26,职业性神经系统疾病,2
2022-02-27,其他疾病或异常,1321
2022-02-27,职业性中毒性肝病,3
2022-02-27,职业性听力损伤,92
2022-02-27,职业性呼吸系统疾病,1
2022-02-27,职业性心血管系统系统疾病,8
2022-02-27,职业性泌尿生殖系统疾病,5
2022-02-28,其他疾病或异常,3245
2022-02-28,职业性中毒性肝病,27
2022-02-28,职业性听力损伤,181
2022-02-28,职业性呼吸系统疾病,19
2022-02-28,职业性心血管系统系统疾病,31
2022-02-28,职业性泌尿生殖系统疾病,8
2022-02-28,职业性眼病,3
2022-03-01,其他疾病或异常,4005
2022-03-01,疑似职业病,1
2022-03-01,职业性内分泌系统疾病,1
2022-03-01,职业性听力损伤,226
2022-03-01,职业性呼吸系统疾病,17
2022-03-01,职业性心血管系统系统疾病,40
2022-03-01,职业性泌尿生殖系统疾病,14
2022-03-02,其他疾病或异常,2881
2022-03-02,疑似职业病,1
2022-03-02,职业性中毒性肝病,6
2022-03-02,职业性听力损伤,195
2022-03-02,职业性呼吸系统疾病,14
2022-03-02,职业性心血管系统系统疾病,32
2022-03-02,职业性泌尿生殖系统疾病,12
2022-03-02,职业性眼病,1
2022-03-03,其他疾病或异常,2956
2022-03-03,职业性中毒性肝病,4
2022-03-03,职业性听力损伤,151
2022-03-03,职业性呼吸系统疾病,11
2022-03-03,职业性心血管系统系统疾病,23
2022-03-03,职业性泌尿生殖系统疾病,6
2022-03-04,其他疾病或异常,2817
2022-03-04,职业性中毒性肝病,12
2022-03-04,职业性听力损伤,196
2022-03-04,职业性呼吸系统疾病,11
2022-03-04,职业性心血管系统系统疾病,16
2022-03-04,职业性泌尿生殖系统疾病,11
2022-03-04,职业性神经系统疾病,1
2022-03-05,其他疾病或异常,1643
2022-03-05,职业性中毒性肝病,2
2022-03-05,职业性听力损伤,99
2022-03-05,职业性呼吸系统疾病,5
2022-03-05,职业性心血管系统系统疾病,5
2022-03-05,职业性泌尿生殖系统疾病,5
2022-03-06,其他疾病或异常,1185
2022-03-06,疑似职业病,1
2022-03-06,职业性听力损伤,53
2022-03-06,职业性心血管系统系统疾病,4
2022-03-06,职业性泌尿生殖系统疾病,5
2022-03-07,其他疾病或异常,3317
2022-03-07,职业性中毒性肝病,10
2022-03-07,职业性听力损伤,218
2022-03-07,职业性呼吸系统疾病,13
2022-03-07,职业性心血管系统系统疾病,23
2022-03-07,职业性泌尿生殖系统疾病,11
2022-03-08,其他疾病或异常,3178
2022-03-08,疑似职业病,2
2022-03-08,职业性中毒性肝病,19
2022-03-08,职业性中毒性肾病,1
2022-03-08,职业性听力损伤,220
2022-03-08,职业性呼吸系统疾病,8
2022-03-08,职业性心血管系统系统疾病,53
2022-03-08,职业性泌尿生殖系统疾病,18
2022-03-08,职业性眼病,1
2022-03-09,其他疾病或异常,3705
2022-03-09,疑似职业病,6
2022-03-09,职业性中毒性肝病,23
2022-03-09,职业性听力损伤,157
2022-03-09,职业性呼吸系统疾病,12
2022-03-09,职业性心血管系统系统疾病,31
2022-03-09,职业性泌尿生殖系统疾病,9
2022-03-09,职业性眼病,2
2022-03-10,其他疾病或异常,3219
2022-03-10,疑似职业病,16
2022-03-10,职业性中毒性肝病,4
2022-03-10,职业性听力损伤,177
2022-03-10,职业性呼吸系统疾病,10
2022-03-10,职业性心血管系统系统疾病,19
2022-03-10,职业性泌尿生殖系统疾病,13
2022-03-11,其他疾病或异常,2497
2022-03-11,职业性中毒性肝病,16
2022-03-11,职业性听力损伤,140
2022-03-11,职业性呼吸系统疾病,10
2022-03-11,职业性心血管系统系统疾病,15
2022-03-11,职业性泌尿生殖系统疾病,8
2022-03-12,其他疾病或异常,2482
2022-03-12,职业性中毒性肝病,5
2022-03-12,职业性听力损伤,89
2022-03-12,职业性呼吸系统疾病,3
2022-03-12,职业性心血管系统系统疾病,8
2022-03-12,职业性泌尿生殖系统疾病,5
2022-03-13,其他疾病或异常,1183
2022-03-13,职业性中毒性肝病,1
2022-03-13,职业性听力损伤,59
2022-03-13,职业性呼吸系统疾病,3
2022-03-13,职业性心血管系统系统疾病,5
2022-03-13,职业性泌尿生殖系统疾病,3
2022-03-14,其他疾病或异常,3427
2022-03-14,职业性中毒性肝病,17
2022-03-14,职业性听力损伤,143
2022-03-14,职业性呼吸系统疾病,8
2022-03-14,职业性心血管系统系统疾病,8
2022-03-14,职业性泌尿生殖系统疾病,8
2022-03-14,职业性眼病,1
2022-03-15,其他疾病或异常,3192
2022-03-15,疑似职业病,1
2022-03-15,职业性中毒性肝病,3
2022-03-15,职业性听力损伤,139
2022-03-15,职业性呼吸系统疾病,11
2022-03-15,职业性心血管系统系统疾病,20
2022-03-15,职业性泌尿生殖系统疾病,10
2022-03-16,其他疾病或异常,2186
2022-03-16,职业性中毒性肝病,1
2022-03-16,职业性听力损伤,153
2022-03-16,职业性呼吸系统疾病,16
2022-03-16,职业性心血管系统系统疾病,15
2022-03-16,职业性放射性疾病,2
2022-03-16,职业性泌尿生殖系统疾病,9
2022-03-17,其他疾病或异常,2609
2022-03-17,职业性中毒性肝病,4
2022-03-17,职业性听力损伤,118
2022-03-17,职业性呼吸系统疾病,14
2022-03-17,职业性心血管系统系统疾病,10
2022-03-17,职业性泌尿生殖系统疾病,5
2022-03-18,其他疾病或异常,3332
2022-03-18,职业性中毒性肝病,6
2022-03-18,职业性听力损伤,200
2022-03-18,职业性呼吸系统疾病,12
2022-03-18,职业性心血管系统系统疾病,24
2022-03-18,职业性泌尿生殖系统疾病,8
2022-03-18,职业性眼病,1
2022-03-19,其他疾病或异常,1321
2022-03-19,职业性中毒性肝病,4
2022-03-19,职业性内分泌系统疾病,1
2022-03-19,职业性听力损伤,66
2022-03-19,职业性呼吸系统疾病,5
2022-03-19,职业性心血管系统系统疾病,9
2022-03-19,职业性泌尿生殖系统疾病,3
2022-03-20,其他疾病或异常,1772
2022-03-20,职业性听力损伤,98
2022-03-20,职业性呼吸系统疾病,3
2022-03-20,职业性心血管系统系统疾病,5
2022-03-20,职业性泌尿生殖系统疾病,1
2022-03-21,其他疾病或异常,2886
2022-03-21,职业性中毒性肝病,10
2022-03-21,职业性听力损伤,101
2022-03-21,职业性呼吸系统疾病,8
2022-03-21,职业性心血管系统系统疾病,10
2022-03-21,职业性泌尿生殖系统疾病,6
2022-03-22,其他疾病或异常,3273
2022-03-22,职业性中毒性肝病,7
2022-03-22,职业性听力损伤,151
2022-03-22,职业性呼吸系统疾病,6
2022-03-22,职业性心血管系统系统疾病,26
2022-03-22,职业性泌尿生殖系统疾病,18
2022-03-23,其他疾病或异常,2577
2022-03-23,职业性中毒性肝病,4
2022-03-23,职业性听力损伤,123
2022-03-23,职业性呼吸系统疾病,17
2022-03-23,职业性心血管系统系统疾病,13
2022-03-23,职业性泌尿生殖系统疾病,15
2022-03-24,其他疾病或异常,3266
2022-03-24,职业性中毒性肝病,9
2022-03-24,职业性听力损伤,155
2022-03-24,职业性呼吸系统疾病,17
2022-03-24,职业性心血管系统系统疾病,12
2022-03-24,职业性泌尿生殖系统疾病,2
2022-03-25,其他疾病或异常,1779
2022-03-25,职业性中毒性肝病,6
2022-03-25,职业性听力损伤,68
2022-03-25,职业性呼吸系统疾病,17
2022-03-25,职业性心血管系统系统疾病,16
2022-03-25,职业性泌尿生殖系统疾病,4
2022-03-26,其他疾病或异常,1309
2022-03-26,职业性中毒性肝病,2
2022-03-26,职业性中毒性肾病,1
2022-03-26,职业性听力损伤,59
2022-03-26,职业性呼吸系统疾病,3
2022-03-26,职业性心血管系统系统疾病,11
2022-03-26,职业性泌尿生殖系统疾病,4
2022-03-27,其他疾病或异常,1509
2022-03-27,职业性中毒性肝病,1
2022-03-27,职业性听力损伤,70
2022-03-27,职业性呼吸系统疾病,2
2022-03-27,职业性心血管系统系统疾病,6
2022-03-27,职业性泌尿生殖系统疾病,4
2022-03-28,其他疾病或异常,2810
2022-03-28,职业性中毒性肝病,5
2022-03-28,职业性听力损伤,86
2022-03-28,职业性呼吸系统疾病,11
2022-03-28,职业性心血管系统系统疾病,11
2022-03-28,职业性放射性疾病,1
2022-03-28,职业性泌尿生殖系统疾病,5
2022-03-28,职业性皮肤病,1
2022-03-29,其他疾病或异常,3407
2022-03-29,职业性中毒性肝病,7
2022-03-29,职业性听力损伤,93
2022-03-29,职业性呼吸系统疾病,14
2022-03-29,职业性心血管系统系统疾病,13
2022-03-29,职业性泌尿生殖系统疾病,5
2022-03-30,其他疾病或异常,3631
2022-03-30,疑似职业病,1
2022-03-30,职业性中毒性肝病,1
2022-03-30,职业性听力损伤,135
2022-03-30,职业性呼吸系统疾病,11
2022-03-30,职业性心血管系统系统疾病,23
2022-03-30,职业性泌尿生殖系统疾病,6
2022-03-30,职业性眼病,2
2022-03-31,其他疾病或异常,3973
2022-03-31,职业性中毒性肝病,6
2022-03-31,职业性听力损伤,170
2022-03-31,职业性呼吸系统疾病,20
2022-03-31,职业性心血管系统系统疾病,14
2022-03-31,职业性泌尿生殖系统疾病,9
2022-04-01,其他疾病或异常,2061
2022-04-01,疑似职业病,1
2022-04-01,职业性中毒性肝病,2
2022-04-01,职业性中毒性肾病,1
2022-04-01,职业性听力损伤,123
2022-04-01,职业性呼吸系统疾病,16
2022-04-01,职业性心血管系统系统疾病,15
2022-04-01,职业性泌尿生殖系统疾病,10
2022-04-02,其他疾病或异常,2779
2022-04-02,职业性中毒性肝病,2
2022-04-02,职业性听力损伤,121
2022-04-02,职业性呼吸系统疾病,8
2022-04-02,职业性心血管系统系统疾病,17
2022-04-02,职业性泌尿生殖系统疾病,4
2022-04-03,其他疾病或异常,1086
2022-04-03,职业性中毒性肝病,6
2022-04-03,职业性内分泌系统疾病,1
2022-04-03,职业性听力损伤,79
2022-04-03,职业性呼吸系统疾病,3
2022-04-03,职业性心血管系统系统疾病,9
2022-04-03,职业性泌尿生殖系统疾病,3
2022-04-04,其他疾病或异常,824
2022-04-04,职业性听力损伤,31
2022-04-04,职业性呼吸系统疾病,8
2022-04-04,职业性心血管系统系统疾病,9
2022-04-04,职业性泌尿生殖系统疾病,3
2022-04-05,其他疾病或异常,524
2022-04-05,职业性听力损伤,15
2022-04-05,职业性呼吸系统疾病,1
2022-04-05,职业性心血管系统系统疾病,2
2022-04-06,其他疾病或异常,4146
2022-04-06,职业性中毒性肝病,1
2022-04-06,职业性听力损伤,120
2022-04-06,职业性呼吸系统疾病,26
2022-04-06,职业性心血管系统系统疾病,26
2022-04-06,职业性泌尿生殖系统疾病,4
2022-04-07,其他疾病或异常,2955
2022-04-07,疑似职业病,23
2022-04-07,职业性中毒性肝病,3
2022-04-07,职业性听力损伤,93
2022-04-07,职业性呼吸系统疾病,7
2022-04-07,职业性心血管系统系统疾病,8
2022-04-07,职业性泌尿生殖系统疾病,4
2022-04-07,职业性骨关节疾病,1
2022-04-08,其他疾病或异常,2633
2022-04-08,职业性中毒性肝病,4
2022-04-08,职业性听力损伤,83
2022-04-08,职业性呼吸系统疾病,7
2022-04-08,职业性心血管系统系统疾病,11
2022-04-08,职业性泌尿生殖系统疾病,16
2022-04-09,其他疾病或异常,1971
2022-04-09,职业性中毒性肝病,3
2022-04-09,职业性听力损伤,69
2022-04-09,职业性呼吸系统疾病,2
2022-04-09,职业性心血管系统系统疾病,11
2022-04-09,职业性泌尿生殖系统疾病,3
2022-04-10,其他疾病或异常,811
2022-04-10,职业性中毒性肝病,1
2022-04-10,职业性听力损伤,24
2022-04-10,职业性呼吸系统疾病,3
2022-04-10,职业性心血管系统系统疾病,1
2022-04-10,职业性泌尿生殖系统疾病,1
2022-04-11,其他疾病或异常,3315
2022-04-11,职业性听力损伤,130
2022-04-11,职业性呼吸系统疾病,6
2022-04-11,职业性心血管系统系统疾病,14
2022-04-11,职业性泌尿生殖系统疾病,8
2022-04-11,职业性骨关节疾病,2
2022-04-12,其他疾病或异常,2295
2022-04-12,疑似职业病,131
2022-04-12,职业性中毒性肝病,2
2022-04-12,职业性内分泌系统疾病,1
2022-04-12,职业性听力损伤,120
2022-04-12,职业性呼吸系统疾病,8
2022-04-12,职业性心血管系统系统疾病,11
2022-04-12,职业性泌尿生殖系统疾病,7
2022-04-13,其他疾病或异常,2646
2022-04-13,疑似职业病,1
2022-04-13,职业性中毒性肝病,7
2022-04-13,职业性听力损伤,85
2022-04-13,职业性呼吸系统疾病,7
2022-04-13,职业性心血管系统系统疾病,9
2022-04-13,职业性泌尿生殖系统疾病,6
2022-04-14,其他疾病或异常,2609
2022-04-14,疑似职业病,1
2022-04-14,职业性中毒性肝病,15
2022-04-14,职业性听力损伤,85
2022-04-14,职业性呼吸系统疾病,9
2022-04-14,职业性心血管系统系统疾病,29
2022-04-14,职业性泌尿生殖系统疾病,6
2022-04-15,其他疾病或异常,2799
2022-04-15,职业性中毒性肝病,11
2022-04-15,职业性听力损伤,157
2022-04-15,职业性呼吸系统疾病,9
2022-04-15,职业性心血管系统系统疾病,16
2022-04-15,职业性泌尿生殖系统疾病,7
2022-04-15,职业性眼病,1
2022-04-16,其他疾病或异常,2469
2022-04-16,职业性中毒性肝病,1
2022-04-16,职业性听力损伤,119
2022-04-16,职业性呼吸系统疾病,5
2022-04-16,职业性心血管系统系统疾病,15
2022-04-16,职业性泌尿生殖系统疾病,2
2022-04-16,职业性眼病,3
2022-04-17,其他疾病或异常,817
2022-04-17,职业性中毒性肝病,1
2022-04-17,职业性中毒性肾病,1
2022-04-17,职业性听力损伤,47
2022-04-17,职业性呼吸系统疾病,1
2022-04-17,职业性心血管系统系统疾病,5
2022-04-17,职业性泌尿生殖系统疾病,3
2022-04-18,其他疾病或异常,3110
2022-04-18,职业性中毒性肝病,13
2022-04-18,职业性听力损伤,108
2022-04-18,职业性呼吸系统疾病,17
2022-04-18,职业性心血管系统系统疾病,18
2022-04-18,职业性泌尿生殖系统疾病,10
2022-04-19,其他疾病或异常,2971
2022-04-19,职业性中毒性肝病,5
2022-04-19,职业性听力损伤,119
2022-04-19,职业性呼吸系统疾病,7
2022-04-19,职业性心血管系统系统疾病,8
2022-04-19,职业性泌尿生殖系统疾病,2
2022-04-20,其他疾病或异常,3475
2022-04-20,职业性中毒性肝病,7
2022-04-20,职业性听力损伤,100
2022-04-20,职业性呼吸系统疾病,10
2022-04-20,职业性心血管系统系统疾病,10
2022-04-20,职业性泌尿生殖系统疾病,5
2022-04-21,其他疾病或异常,2095
2022-04-21,疑似职业病,1
2022-04-21,职业性中毒性肝病,4
2022-04-21,职业性中毒性肾病,1
2022-04-21,职业性听力损伤,60
2022-04-21,职业性呼吸系统疾病,9
2022-04-21,职业性心血管系统系统疾病,11
2022-04-21,职业性泌尿生殖系统疾病,2
2022-04-22,其他疾病或异常,4235
2022-04-22,职业性中毒性肝病,2
2022-04-22,职业性内分泌系统疾病,1
2022-04-22,职业性听力损伤,127
2022-04-22,职业性呼吸系统疾病,11
2022-04-22,职业性心血管系统系统疾病,10
2022-04-22,职业性泌尿生殖系统疾病,2
2022-04-23,其他疾病或异常,2483
2022-04-23,职业性中毒性肝病,5
2022-04-23,职业性听力损伤,68
2022-04-23,职业性呼吸系统疾病,9
2022-04-23,职业性心血管系统系统疾病,5
2022-04-23,职业性泌尿生殖系统疾病,2
2022-04-24,其他疾病或异常,1600
2022-04-24,职业性中毒性肝病,2
2022-04-24,职业性听力损伤,62
2022-04-24,职业性呼吸系统疾病,4
2022-04-24,职业性心血管系统系统疾病,12
2022-04-24,职业性泌尿生殖系统疾病,7
2022-04-25,其他疾病或异常,3201
2022-04-25,疑似职业病,1
2022-04-25,职业性听力损伤,101
2022-04-25,职业性呼吸系统疾病,12
2022-04-25,职业性心血管系统系统疾病,14
2022-04-25,职业性泌尿生殖系统疾病,5
2022-04-26,其他疾病或异常,3137
2022-04-26,职业性中毒性肝病,3
2022-04-26,职业性内分泌系统疾病,1
2022-04-26,职业性听力损伤,109
2022-04-26,职业性呼吸系统疾病,8
2022-04-26,职业性心血管系统系统疾病,8
2022-04-26,职业性泌尿生殖系统疾病,2
2022-04-26,职业性眼病,1
2022-04-27,其他疾病或异常,3280
2022-04-27,职业性中毒性肝病,6
2022-04-27,职业性听力损伤,119
2022-04-27,职业性呼吸系统疾病,16
2022-04-27,职业性心血管系统系统疾病,9
2022-04-27,职业性放射性疾病,1
2022-04-27,职业性泌尿生殖系统疾病,4
2022-04-27,职业性眼病,1
2022-04-28,其他疾病或异常,3867
2022-04-28,疑似职业病,1
2022-04-28,职业性中毒性肝病,5
2022-04-28,职业性听力损伤,134
2022-04-28,职业性呼吸系统疾病,27
2022-04-28,职业性心血管系统系统疾病,18
2022-04-28,职业性泌尿生殖系统疾病,7
2022-04-29,其他疾病或异常,2406
2022-04-29,疑似职业病,3
2022-04-29,职业性中毒性肝病,2
2022-04-29,职业性听力损伤,73
2022-04-29,职业性呼吸系统疾病,19
2022-04-29,职业性心血管系统系统疾病,10
2022-04-29,职业性泌尿生殖系统疾病,2
2022-04-29,职业性眼病,3
2022-04-30,其他疾病或异常,1072
2022-04-30,职业性中毒性肝病,2
2022-04-30,职业性听力损伤,52
2022-04-30,职业性呼吸系统疾病,1
2022-04-30,职业性心血管系统系统疾病,13
2022-04-30,职业性泌尿生殖系统疾病,3
2022-05-01,其他疾病或异常,297
2022-05-01,职业性听力损伤,29
2022-05-01,职业性呼吸系统疾病,4
2022-05-02,其他疾病或异常,464
2022-05-02,职业性听力损伤,23
2022-05-02,职业性呼吸系统疾病,2
2022-05-02,职业性心血管系统系统疾病,4
2022-05-02,职业性泌尿生殖系统疾病,3
2022-05-03,其他疾病或异常,1086
2022-05-03,职业性听力损伤,15
2022-05-03,职业性呼吸系统疾病,6
2022-05-03,职业性心血管系统系统疾病,4
2022-05-03,职业性泌尿生殖系统疾病,1
2022-05-04,其他疾病或异常,1898
2022-05-04,职业性中毒性肝病,3
2022-05-04,职业性听力损伤,66
2022-05-04,职业性呼吸系统疾病,2
2022-05-04,职业性心血管系统系统疾病,9
2022-05-04,职业性泌尿生殖系统疾病,2
2022-05-05,其他疾病或异常,2630
2022-05-05,疑似职业病,18
2022-05-05,职业性中毒性肝病,1
2022-05-05,职业性听力损伤,88
2022-05-05,职业性呼吸系统疾病,13
2022-05-05,职业性心血管系统系统疾病,8
2022-05-05,职业性放射性疾病,1
2022-05-05,职业性泌尿生殖系统疾病,6
2022-05-05,职业性骨关节疾病,1
2022-05-06,其他疾病或异常,2566
2022-05-06,疑似职业病,2
2022-05-06,职业性内分泌系统疾病,1
2022-05-06,职业性听力损伤,45
2022-05-06,职业性呼吸系统疾病,5
2022-05-06,职业性心血管系统系统疾病,5
2022-05-06,职业性泌尿生殖系统疾病,2
2022-05-06,职业性骨关节疾病,1
2022-05-07,其他疾病或异常,3227
2022-05-07,疑似职业病,1
2022-05-07,职业性中毒性肝病,3
2022-05-07,职业性听力损伤,69
2022-05-07,职业性呼吸系统疾病,13
2022-05-07,职业性心血管系统系统疾病,10
2022-05-07,职业性泌尿生殖系统疾病,1
2022-05-07,职业性骨关节疾病,2
2022-05-08,其他疾病或异常,885
2022-05-08,职业性中毒性肝病,2
2022-05-08,职业性听力损伤,32
2022-05-08,职业性呼吸系统疾病,6
2022-05-08,职业性心血管系统系统疾病,6
2022-05-09,其他疾病或异常,2971
2022-05-09,职业性中毒性肝病,3
2022-05-09,职业性听力损伤,103
2022-05-09,职业性呼吸系统疾病,11
2022-05-09,职业性心血管系统系统疾病,17
2022-05-09,职业性放射性疾病,1
2022-05-09,职业性泌尿生殖系统疾病,6
2022-05-09,职业性眼病,1
2022-05-10,其他疾病或异常,2994
2022-05-10,疑似职业病,1
2022-05-10,职业性中毒性肝病,1
2022-05-10,职业性听力损伤,109
2022-05-10,职业性呼吸系统疾病,8
2022-05-10,职业性心血管系统系统疾病,18
2022-05-10,职业性泌尿生殖系统疾病,5
2022-05-11,其他疾病或异常,2317
2022-05-11,职业性中毒性肝病,1
2022-05-11,职业性中毒性肾病,2
2022-05-11,职业性听力损伤,122
2022-05-11,职业性呼吸系统疾病,6
2022-05-11,职业性心血管系统系统疾病,10
2022-05-11,职业性泌尿生殖系统疾病,6
2022-05-12,其他疾病或异常,2298
2022-05-12,疑似职业病,4
2022-05-12,职业性中毒性肝病,2
2022-05-12,职业性听力损伤,148
2022-05-12,职业性呼吸系统疾病,4
2022-05-12,职业性心血管系统系统疾病,13
2022-05-12,职业性放射性疾病,1
2022-05-12,职业性泌尿生殖系统疾病,5
2022-05-13,其他疾病或异常,3690
2022-05-13,疑似职业病,4
2022-05-13,职业性中毒性肝病,1
2022-05-13,职业性内分泌系统疾病,1
2022-05-13,职业性听力损伤,119
2022-05-13,职业性呼吸系统疾病,12
2022-05-13,职业性心血管系统系统疾病,6
2022-05-13,职业性泌尿生殖系统疾病,4
2022-05-14,其他疾病或异常,2583
2022-05-14,职业性听力损伤,77
2022-05-14,职业性呼吸系统疾病,4
2022-05-14,职业性心血管系统系统疾病,21
2022-05-14,职业性泌尿生殖系统疾病,2
2022-05-15,其他疾病或异常,1179
2022-05-15,职业性听力损伤,38
2022-05-15,职业性呼吸系统疾病,3
2022-05-15,职业性心血管系统系统疾病,5
2022-05-15,职业性泌尿生殖系统疾病,3
2022-05-16,其他疾病或异常,4425
2022-05-16,疑似职业病,3
2022-05-16,职业性中毒性肝病,4
2022-05-16,职业性听力损伤,145
2022-05-16,职业性呼吸系统疾病,5
2022-05-16,职业性心血管系统系统疾病,10
2022-05-16,职业性泌尿生殖系统疾病,6
2022-05-17,其他疾病或异常,3900
2022-05-17,职业性中毒性肝病,5
2022-05-17,职业性内分泌系统疾病,1
2022-05-17,职业性听力损伤,103
2022-05-17,职业性呼吸系统疾病,6
2022-05-17,职业性心血管系统系统疾病,20
2022-05-17,职业性泌尿生殖系统疾病,15
2022-05-18,其他疾病或异常,5251
2022-05-18,疑似职业病,3
2022-05-18,职业性中毒性肝病,5
2022-05-18,职业性听力损伤,157
2022-05-18,职业性呼吸系统疾病,2
2022-05-18,职业性心血管系统系统疾病,25
2022-05-18,职业性泌尿生殖系统疾病,6
2022-05-18,职业性眼病,1
2022-05-18,职业性骨关节疾病,1
2022-05-19,其他疾病或异常,3724
2022-05-19,职业性中毒性肝病,2
2022-05-19,职业性听力损伤,73
2022-05-19,职业性呼吸系统疾病,7
2022-05-19,职业性心血管系统系统疾病,13
2022-05-19,职业性泌尿生殖系统疾病,4
2022-05-20,其他疾病或异常,3625
2022-05-20,疑似职业病,3
2022-05-20,职业性中毒性肝病,2
2022-05-20,职业性听力损伤,55
2022-05-20,职业性呼吸系统疾病,8
2022-05-20,职业性心血管系统系统疾病,25
2022-05-20,职业性泌尿生殖系统疾病,11
2022-05-21,其他疾病或异常,2075
2022-05-21,疑似职业病,9
2022-05-21,职业性中毒性肝病,5
2022-05-21,职业性听力损伤,42
2022-05-21,职业性呼吸系统疾病,3
2022-05-21,职业性心血管系统系统疾病,19
2022-05-21,职业性泌尿生殖系统疾病,5
2022-05-22,其他疾病或异常,814
2022-05-22,职业性中毒性肝病,2
2022-05-22,职业性听力损伤,25
2022-05-22,职业性呼吸系统疾病,2
2022-05-22,职业性心血管系统系统疾病,9
2022-05-22,职业性泌尿生殖系统疾病,7
2022-05-23,其他疾病或异常,3469
2022-05-23,疑似职业病,3
2022-05-23,职业性中毒性肝病,3
2022-05-23,职业性中毒性肾病,1
2022-05-23,职业性听力损伤,100
2022-05-23,职业性呼吸系统疾病,8
2022-05-23,职业性心血管系统系统疾病,19
2022-05-23,职业性泌尿生殖系统疾病,7
2022-05-24,其他疾病或异常,3578
2022-05-24,职业性中毒性肝病,6
2022-05-24,职业性中毒性肾病,1
2022-05-24,职业性听力损伤,100
2022-05-24,职业性呼吸系统疾病,5
2022-05-24,职业性心血管系统系统疾病,8
2022-05-24,职业性泌尿生殖系统疾病,4
2022-05-24,职业性眼病,1
2022-05-25,其他疾病或异常,3872
2022-05-25,职业性中毒性肝病,3
2022-05-25,职业性中毒性肾病,2
2022-05-25,职业性听力损伤,126
2022-05-25,职业性呼吸系统疾病,3
2022-05-25,职业性心血管系统系统疾病,23
2022-05-25,职业性泌尿生殖系统疾病,11
2022-05-26,其他疾病或异常,3726
2022-05-26,疑似职业病,2
2022-05-26,职业性听力损伤,132
2022-05-26,职业性呼吸系统疾病,12
2022-05-26,职业性心血管系统系统疾病,15
2022-05-26,职业性放射性疾病,1
2022-05-26,职业性泌尿生殖系统疾病,7
2022-05-27,其他疾病或异常,3527
2022-05-27,疑似职业病,1
2022-05-27,职业性中毒性肝病,1
2022-05-27,职业性听力损伤,131
2022-05-27,职业性呼吸系统疾病,13
2022-05-27,职业性心血管系统系统疾病,28
2022-05-27,职业性泌尿生殖系统疾病,5
2022-05-27,职业性眼病,1
2022-05-28,其他疾病或异常,2175
2022-05-28,职业性中毒性肝病,3
2022-05-28,职业性中毒性肾病,1
2022-05-28,职业性听力损伤,90
2022-05-28,职业性呼吸系统疾病,2
2022-05-28,职业性心血管系统系统疾病,14
2022-05-28,职业性泌尿生殖系统疾病,7
2022-05-29,其他疾病或异常,1386
2022-05-29,职业性听力损伤,44
2022-05-29,职业性呼吸系统疾病,1
2022-05-29,职业性心血管系统系统疾病,13
2022-05-29,职业性泌尿生殖系统疾病,2
2022-05-30,其他疾病或异常,4649
2022-05-30,疑似职业病,3
2022-05-30,职业性中毒性肝病,4
2022-05-30,职业性中毒性肾病,3
2022-05-30,职业性听力损伤,477
2022-05-30,职业性呼吸系统疾病,8
2022-05-30,职业性心血管系统系统疾病,72
2022-05-30,职业性泌尿生殖系统疾病,18
2022-05-31,其他疾病或异常,4777
2022-05-31,疑似职业病,1
2022-05-31,职业性中毒性肝病,6
2022-05-31,职业性内分泌系统疾病,1
2022-05-31,职业性听力损伤,158
2022-05-31,职业性呼吸系统疾病,6
2022-05-31,职业性心血管系统系统疾病,16
2022-05-31,职业性泌尿生殖系统疾病,7
2022-06-01,其他疾病或异常,5273
2022-06-01,疑似职业病,1
2022-06-01,职业性中毒性肝病,6
2022-06-01,职业性听力损伤,190
2022-06-01,职业性呼吸系统疾病,4
2022-06-01,职业性心血管系统系统疾病,25
2022-06-01,职业性泌尿生殖系统疾病,11
2022-06-02,其他疾病或异常,4623
2022-06-02,职业性中毒性肝病,5
2022-06-02,职业性内分泌系统疾病,1
2022-06-02,职业性听力损伤,164
2022-06-02,职业性呼吸系统疾病,9
2022-06-02,职业性心血管系统系统疾病,16
2022-06-02,职业性泌尿生殖系统疾病,6
2022-06-02,职业性眼病,1
2022-06-03,其他疾病或异常,700
2022-06-03,职业性中毒性肝病,1
2022-06-03,职业性听力损伤,38
2022-06-03,职业性心血管系统系统疾病,2
2022-06-03,职业性泌尿生殖系统疾病,1
2022-06-04,其他疾病或异常,2416
2022-06-04,职业性听力损伤,33
2022-06-04,职业性呼吸系统疾病,1
2022-06-04,职业性心血管系统系统疾病,3
2022-06-04,职业性泌尿生殖系统疾病,1
2022-06-04,职业性眼病,1
2022-06-05,其他疾病或异常,3259
2022-06-05,职业性中毒性肝病,4
2022-06-05,职业性听力损伤,121
2022-06-05,职业性呼吸系统疾病,2
2022-06-05,职业性心血管系统系统疾病,21
2022-06-05,职业性泌尿生殖系统疾病,7
2022-06-06,其他疾病或异常,4087
2022-06-06,职业性中毒性肝病,2
2022-06-06,职业性中毒性肾病,2
2022-06-06,职业性听力损伤,120
2022-06-06,职业性呼吸系统疾病,10
2022-06-06,职业性心血管系统系统疾病,12
2022-06-06,职业性泌尿生殖系统疾病,1
2022-06-06,职业性眼病,2
2022-06-07,其他疾病或异常,4450
2022-06-07,职业性中毒性肝病,1
2022-06-07,职业性听力损伤,101
2022-06-07,职业性呼吸系统疾病,6
2022-06-07,职业性心血管系统系统疾病,11
2022-06-07,职业性泌尿生殖系统疾病,4
2022-06-08,其他疾病或异常,5119
2022-06-08,疑似职业病,1
2022-06-08,职业性中毒性肝病,2
2022-06-08,职业性听力损伤,104
2022-06-08,职业性呼吸系统疾病,8
2022-06-08,职业性心血管系统系统疾病,15
2022-06-08,职业性泌尿生殖系统疾病,5
2022-06-08,职业性眼病,1
2022-06-09,其他疾病或异常,5643
2022-06-09,职业性中毒性肝病,2
2022-06-09,职业性听力损伤,151
2022-06-09,职业性呼吸系统疾病,5
2022-06-09,职业性心血管系统系统疾病,18
2022-06-09,职业性泌尿生殖系统疾病,11
2022-06-10,其他疾病或异常,4134
2022-06-10,职业性中毒性肝病,6
2022-06-10,职业性听力损伤,130
2022-06-10,职业性呼吸系统疾病,13
2022-06-10,职业性心血管系统系统疾病,11
2022-06-10,职业性泌尿生殖系统疾病,6
2022-06-11,其他疾病或异常,4043
2022-06-11,疑似职业病,1
2022-06-11,职业性中毒性肝病,2
2022-06-11,职业性听力损伤,196
2022-06-11,职业性呼吸系统疾病,23
2022-06-11,职业性心血管系统系统疾病,13
2022-06-11,职业性泌尿生殖系统疾病,6
2022-06-11,职业性眼病,1
2022-06-12,其他疾病或异常,1785
2022-06-12,疑似职业病,1
2022-06-12,职业性听力损伤,184
2022-06-12,职业性呼吸系统疾病,17
2022-06-12,职业性心血管系统系统疾病,31
2022-06-12,职业性泌尿生殖系统疾病,13
2022-06-13,其他疾病或异常,5894
2022-06-13,疑似职业病,2
2022-06-13,职业性中毒性肝病,1
2022-06-13,职业性内分泌系统疾病,1
2022-06-13,职业性听力损伤,369
2022-06-13,职业性呼吸系统疾病,42
2022-06-13,职业性心血管系统系统疾病,75
2022-06-13,职业性泌尿生殖系统疾病,21
2022-06-13,职业性眼病,1
2022-06-14,其他疾病或异常,4703
2022-06-14,职业性中毒性肝病,2
2022-06-14,职业性听力损伤,176
2022-06-14,职业性呼吸系统疾病,12
2022-06-14,职业性心血管系统系统疾病,20
2022-06-14,职业性泌尿生殖系统疾病,12
2022-06-14,职业性眼病,1
2022-06-15,其他疾病或异常,3651
2022-06-15,疑似职业病,3
2022-06-15,职业性中毒性肝病,1
2022-06-15,职业性听力损伤,139
2022-06-15,职业性呼吸系统疾病,7
2022-06-15,职业性心血管系统系统疾病,9
2022-06-15,职业性泌尿生殖系统疾病,6
2022-06-16,其他疾病或异常,4896
2022-06-16,职业性中毒性肝病,2
2022-06-16,职业性中毒性肾病,1
2022-06-16,职业性内分泌系统疾病,1
2022-06-16,职业性听力损伤,163
2022-06-16,职业性呼吸系统疾病,27
2022-06-16,职业性心血管系统系统疾病,22
2022-06-16,职业性泌尿生殖系统疾病,7
2022-06-17,其他疾病或异常,3462
2022-06-17,疑似职业病,1
2022-06-17,职业性中毒性肝病,1
2022-06-17,职业性中毒性肾病,2
2022-06-17,职业性内分泌系统疾病,1
2022-06-17,职业性听力损伤,207
2022-06-17,职业性呼吸系统疾病,12
2022-06-17,职业性心血管系统系统疾病,19
2022-06-17,职业性泌尿生殖系统疾病,11
2022-06-17,职业性眼病,1
2022-06-18,其他疾病或异常,2373
2022-06-18,职业性听力损伤,55
2022-06-18,职业性呼吸系统疾病,3
2022-06-18,职业性心血管系统系统疾病,2
2022-06-18,职业性泌尿生殖系统疾病,5
2022-06-19,其他疾病或异常,2217
2022-06-19,职业性中毒性肝病,1
2022-06-19,职业性听力损伤,60
2022-06-19,职业性呼吸系统疾病,5
2022-06-19,职业性泌尿生殖系统疾病,5
2022-06-20,其他疾病或异常,5246
2022-06-20,疑似职业病,3
2022-06-20,职业性内分泌系统疾病,2
2022-06-20,职业性听力损伤,79
2022-06-20,职业性呼吸系统疾病,7
2022-06-20,职业性心血管系统系统疾病,25
2022-06-20,职业性泌尿生殖系统疾病,7
2022-06-20,职业性眼病,2
2022-06-20,职业性神经系统疾病,1
2022-06-21,其他疾病或异常,5032
2022-06-21,职业性中毒性肝病,3
2022-06-21,职业性听力损伤,122
2022-06-21,职业性呼吸系统疾病,13
2022-06-21,职业性心血管系统系统疾病,26
2022-06-21,职业性泌尿生殖系统疾病,15
2022-06-22,其他疾病或异常,6296
2022-06-22,疑似职业病,2
2022-06-22,职业性内分泌系统疾病,1
2022-06-22,职业性听力损伤,162
2022-06-22,职业性呼吸系统疾病,21
2022-06-22,职业性心血管系统系统疾病,17
2022-06-22,职业性放射性疾病,1
2022-06-22,职业性泌尿生殖系统疾病,2
2022-06-23,其他疾病或异常,4469
2022-06-23,职业性听力损伤,118
2022-06-23,职业性呼吸系统疾病,6
2022-06-23,职业性心血管系统系统疾病,21
2022-06-23,职业性泌尿生殖系统疾病,10
2022-06-24,其他疾病或异常,3460
2022-06-24,职业性中毒性肝病,1
2022-06-24,职业性中毒性肾病,2
2022-06-24,职业性听力损伤,105
2022-06-24,职业性呼吸系统疾病,17
2022-06-24,职业性心血管系统系统疾病,11
2022-06-24,职业性泌尿生殖系统疾病,11
2022-06-24,职业性眼病,1
2022-06-25,其他疾病或异常,2593
2022-06-25,职业性中毒性肝病,1
2022-06-25,职业性听力损伤,104
2022-06-25,职业性呼吸系统疾病,11
2022-06-25,职业性心血管系统系统疾病,11
2022-06-25,职业性泌尿生殖系统疾病,10
2022-06-26,其他疾病或异常,1768
2022-06-26,疑似职业病,5
2022-06-26,职业性中毒性肾病,1
2022-06-26,职业性听力损伤,34
2022-06-26,职业性呼吸系统疾病,3
2022-06-26,职业性心血管系统系统疾病,10
2022-06-26,职业性泌尿生殖系统疾病,2
2022-06-26,职业性眼病,1
2022-06-27,其他疾病或异常,4847
2022-06-27,职业性中毒性肾病,2
2022-06-27,职业性听力损伤,143
2022-06-27,职业性呼吸系统疾病,24
2022-06-27,职业性心血管系统系统疾病,27
2022-06-27,职业性泌尿生殖系统疾病,7
2022-06-27,职业性眼病,2
2022-06-28,其他疾病或异常,4312
2022-06-28,疑似职业病,3
2022-06-28,职业性内分泌系统疾病,1
2022-06-28,职业性听力损伤,115
2022-06-28,职业性呼吸系统疾病,26
2022-06-28,职业性心血管系统系统疾病,19
2022-06-28,职业性泌尿生殖系统疾病,10
2022-06-29,其他疾病或异常,4791
2022-06-29,疑似职业病,2
2022-06-29,职业性中毒性肝病,1
2022-06-29,职业性中毒性肾病,1
2022-06-29,职业性听力损伤,125
2022-06-29,职业性呼吸系统疾病,12
2022-06-29,职业性心血管系统系统疾病,14
2022-06-29,职业性放射性疾病,1
2022-06-29,职业性泌尿生殖系统疾病,9
2022-06-30,其他疾病或异常,4623
2022-06-30,疑似职业病,2
2022-06-30,职业性中毒性肝病,1
2022-06-30,职业性听力损伤,90
2022-06-30,职业性呼吸系统疾病,15
2022-06-30,职业性心血管系统系统疾病,5
2022-06-30,职业性泌尿生殖系统疾病,4
2022-07-01,其他疾病或异常,3593
2022-07-01,职业性听力损伤,107
2022-07-01,职业性呼吸系统疾病,8
2022-07-01,职业性心血管系统系统疾病,8
2022-07-01,职业性泌尿生殖系统疾病,5
2022-07-02,其他疾病或异常,3121
2022-07-02,疑似职业病,1
2022-07-02,职业性中毒性肝病,2
2022-07-02,职业性内分泌系统疾病,1
2022-07-02,职业性听力损伤,84
2022-07-02,职业性呼吸系统疾病,3
2022-07-02,职业性心血管系统系统疾病,12
2022-07-02,职业性泌尿生殖系统疾病,6
2022-07-03,其他疾病或异常,1235
2022-07-03,疑似职业病,2
2022-07-03,职业性中毒性肝病,1
2022-07-03,职业性听力损伤,47
2022-07-03,职业性呼吸系统疾病,3
2022-07-03,职业性心血管系统系统疾病,4
2022-07-03,职业性泌尿生殖系统疾病,5
2022-07-04,其他疾病或异常,7689
2022-07-04,职业性中毒性肝病,1
2022-07-04,职业性听力损伤,160
2022-07-04,职业性呼吸系统疾病,8
2022-07-04,职业性心血管系统系统疾病,26
2022-07-04,职业性泌尿生殖系统疾病,11
2022-07-04,职业性眼病,1
2022-07-05,其他疾病或异常,4103
2022-07-05,疑似职业病,10
2022-07-05,职业性中毒性肝病,4
2022-07-05,职业性听力损伤,189
2022-07-05,职业性呼吸系统疾病,6
2022-07-05,职业性心血管系统系统疾病,15
2022-07-05,职业性泌尿生殖系统疾病,10
2022-07-05,职业性皮肤病,1
2022-07-06,其他疾病或异常,5308
2022-07-06,职业性中毒性肝病,1
2022-07-06,职业性听力损伤,122
2022-07-06,职业性呼吸系统疾病,7
2022-07-06,职业性心血管系统系统疾病,28
2022-07-06,职业性放射性疾病,1
2022-07-06,职业性泌尿生殖系统疾病,18
2022-07-06,职业性眼病,1
2022-07-07,其他疾病或异常,3867
2022-07-07,职业性中毒性肝病,4
2022-07-07,职业性听力损伤,124
2022-07-07,职业性呼吸系统疾病,6
2022-07-07,职业性心血管系统系统疾病,31
2022-07-07,职业性泌尿生殖系统疾病,9
2022-07-07,职业性皮肤病,1
2022-07-07,职业性眼病,3
2022-07-08,其他疾病或异常,3598
2022-07-08,职业性中毒性肝病,3
2022-07-08,职业性中毒性肾病,1
2022-07-08,职业性听力损伤,80
2022-07-08,职业性呼吸系统疾病,12
2022-07-08,职业性心血管系统系统疾病,11
2022-07-08,职业性泌尿生殖系统疾病,5
2022-07-09,其他疾病或异常,2619
2022-07-09,疑似职业病,1
2022-07-09,职业性中毒性肝病,1
2022-07-09,职业性中毒性肾病,1
2022-07-09,职业性听力损伤,61
2022-07-09,职业性心血管系统系统疾病,10
2022-07-09,职业性放射性疾病,1
2022-07-09,职业性泌尿生殖系统疾病,6
2022-07-10,其他疾病或异常,1066
2022-07-10,职业性中毒性肝病,4
2022-07-10,职业性听力损伤,32
2022-07-10,职业性呼吸系统疾病,5
2022-07-10,职业性心血管系统系统疾病,6
2022-07-10,职业性泌尿生殖系统疾病,6
2022-07-11,其他疾病或异常,3784
2022-07-11,疑似职业病,1
2022-07-11,职业性中毒性肝病,1
2022-07-11,职业性听力损伤,102
2022-07-11,职业性呼吸系统疾病,10
2022-07-11,职业性心血管系统系统疾病,18
2022-07-11,职业性泌尿生殖系统疾病,11
2022-07-11,职业性眼病,2
2022-07-12,其他疾病或异常,3890
2022-07-12,疑似职业病,2
2022-07-12,职业性中毒性肝病,2
2022-07-12,职业性听力损伤,133
2022-07-12,职业性呼吸系统疾病,7
2022-07-12,职业性心血管系统系统疾病,16
2022-07-12,职业性泌尿生殖系统疾病,5
2022-07-13,其他疾病或异常,5176
2022-07-13,职业性中毒性肝病,2
2022-07-13,职业性听力损伤,162
2022-07-13,职业性呼吸系统疾病,6
2022-07-13,职业性心血管系统系统疾病,9
2022-07-13,职业性泌尿生殖系统疾病,8
2022-07-13,职业性眼病,1
2022-07-14,其他疾病或异常,4718
2022-07-14,疑似职业病,3
2022-07-14,职业性内分泌系统疾病,1
2022-07-14,职业性听力损伤,131
2022-07-14,职业性呼吸系统疾病,9
2022-07-14,职业性心血管系统系统疾病,14
2022-07-14,职业性泌尿生殖系统疾病,1
2022-07-15,其他疾病或异常,3529
2022-07-15,疑似职业病,1
2022-07-15,职业性中毒性肝病,2
2022-07-15,职业性内分泌系统疾病,1
2022-07-15,职业性听力损伤,97
2022-07-15,职业性呼吸系统疾病,5
2022-07-15,职业性心血管系统系统疾病,14
2022-07-15,职业性泌尿生殖系统疾病,4
2022-07-15,职业性眼病,1
2022-07-16,其他疾病或异常,2458
2022-07-16,疑似职业病,4
2022-07-16,职业性中毒性肾病,1
2022-07-16,职业性内分泌系统疾病,1
2022-07-16,职业性听力损伤,58
2022-07-16,职业性呼吸系统疾病,2
2022-07-16,职业性心血管系统系统疾病,4
2022-07-16,职业性泌尿生殖系统疾病,4
2022-07-17,其他疾病或异常,1450
2022-07-17,职业性中毒性肝病,1
2022-07-17,职业性听力损伤,29
2022-07-17,职业性心血管系统系统疾病,5
2022-07-17,职业性泌尿生殖系统疾病,3
2022-07-18,其他疾病或异常,3811
2022-07-18,疑似职业病,1
2022-07-18,职业性中毒性肝病,8
2022-07-18,职业性听力损伤,150
2022-07-18,职业性呼吸系统疾病,19
2022-07-18,职业性心血管系统系统疾病,15
2022-07-18,职业性泌尿生殖系统疾病,12
2022-07-18,职业性眼病,2
2022-07-19,其他疾病或异常,4810
2022-07-19,疑似职业病,2
2022-07-19,职业性中毒性肝病,1
2022-07-19,职业性听力损伤,136
2022-07-19,职业性呼吸系统疾病,7
2022-07-19,职业性心血管系统系统疾病,25
2022-07-19,职业性泌尿生殖系统疾病,6
2022-07-20,其他疾病或异常,5019
2022-07-20,疑似职业病,2
2022-07-20,职业性中毒性肝病,5
2022-07-20,职业性听力损伤,93
2022-07-20,职业性呼吸系统疾病,8
2022-07-20,职业性心血管系统系统疾病,22
2022-07-20,职业性泌尿生殖系统疾病,7
2022-07-20,职业性眼病,1
2022-07-21,其他疾病或异常,4426
2022-07-21,职业性中毒性肝病,3
2022-07-21,职业性听力损伤,92
2022-07-21,职业性呼吸系统疾病,5
2022-07-21,职业性心血管系统系统疾病,12
2022-07-21,职业性泌尿生殖系统疾病,6
2022-07-22,其他疾病或异常,3403
2022-07-22,疑似职业病,2
2022-07-22,职业性中毒性肝病,5
2022-07-22,职业性听力损伤,88
2022-07-22,职业性呼吸系统疾病,15
2022-07-22,职业性心血管系统系统疾病,8
2022-07-22,职业性泌尿生殖系统疾病,6
2022-07-23,其他疾病或异常,2165
2022-07-23,职业性中毒性肝病,2
2022-07-23,职业性听力损伤,36
2022-07-23,职业性心血管系统系统疾病,5
2022-07-23,职业性泌尿生殖系统疾病,2
2022-07-24,其他疾病或异常,1712
2022-07-24,职业性听力损伤,77
2022-07-24,职业性心血管系统系统疾病,5
2022-07-24,职业性泌尿生殖系统疾病,3
2022-07-25,其他疾病或异常,2952
2022-07-25,职业性中毒性肝病,2
2022-07-25,职业性听力损伤,97
2022-07-25,职业性呼吸系统疾病,2
2022-07-25,职业性心血管系统系统疾病,14
2022-07-25,职业性泌尿生殖系统疾病,4
2022-07-26,其他疾病或异常,2876
2022-07-26,疑似职业病,2
2022-07-26,职业性中毒性肝病,1
2022-07-26,职业性内分泌系统疾病,1
2022-07-26,职业性听力损伤,115
2022-07-26,职业性呼吸系统疾病,3
2022-07-26,职业性心血管系统系统疾病,7
2022-07-26,职业性泌尿生殖系统疾病,2
2022-07-27,其他疾病或异常,3971
2022-07-27,疑似职业病,1
2022-07-27,职业性中毒性肾病,1
2022-07-27,职业性内分泌系统疾病,1
2022-07-27,职业性听力损伤,78
2022-07-27,职业性呼吸系统疾病,4
2022-07-27,职业性心血管系统系统疾病,19
2022-07-27,职业性泌尿生殖系统疾病,7
2022-07-28,其他疾病或异常,4126
2022-07-28,疑似职业病,1
2022-07-28,职业性中毒性肝病,1
2022-07-28,职业性中毒性肾病,2
2022-07-28,职业性内分泌系统疾病,2
2022-07-28,职业性听力损伤,122
2022-07-28,职业性呼吸系统疾病,8
2022-07-28,职业性心血管系统系统疾病,33
2022-07-28,职业性泌尿生殖系统疾病,10
2022-07-28,职业性眼病,1
2022-07-29,其他疾病或异常,3450
2022-07-29,职业性中毒性肝病,1
2022-07-29,职业性听力损伤,114
2022-07-29,职业性呼吸系统疾病,7
2022-07-29,职业性心血管系统系统疾病,24
2022-07-29,职业性放射性疾病,1
2022-07-29,职业性泌尿生殖系统疾病,15
2022-07-30,其他疾病或异常,2192
2022-07-30,疑似职业病,1
2022-07-30,职业性中毒性肝病,1
2022-07-30,职业性中毒性肾病,1
2022-07-30,职业性听力损伤,59
2022-07-30,职业性心血管系统系统疾病,9
2022-07-30,职业性泌尿生殖系统疾病,2
2022-07-30,职业性眼病,1
2022-07-31,其他疾病或异常,2226
2022-07-31,职业性听力损伤,108
2022-07-31,职业性呼吸系统疾病,2
2022-07-31,职业性心血管系统系统疾病,17
2022-07-31,职业性泌尿生殖系统疾病,1
2022-08-01,其他疾病或异常,3562
2022-08-01,职业性中毒性肝病,2
2022-08-01,职业性内分泌系统疾病,1
2022-08-01,职业性听力损伤,136
2022-08-01,职业性呼吸系统疾病,6
2022-08-01,职业性心血管系统系统疾病,14
2022-08-01,职业性放射性疾病,1
2022-08-01,职业性泌尿生殖系统疾病,7
2022-08-02,其他疾病或异常,4358
2022-08-02,疑似职业病,2
2022-08-02,职业性中毒性肝病,2
2022-08-02,职业性听力损伤,116
2022-08-02,职业性呼吸系统疾病,7
2022-08-02,职业性心血管系统系统疾病,18
2022-08-02,职业性泌尿生殖系统疾病,3
2022-08-02,职业性骨关节疾病,1
2022-08-03,其他疾病或异常,4684
2022-08-03,职业性中毒性肝病,6
2022-08-03,职业性听力损伤,114
2022-08-03,职业性呼吸系统疾病,5
2022-08-03,职业性心血管系统系统疾病,9
2022-08-03,职业性泌尿生殖系统疾病,4
2022-08-03,职业性肿瘤,1
2022-08-04,其他疾病或异常,3880
2022-08-04,疑似职业病,2
2022-08-04,职业性中毒性肝病,3
2022-08-04,职业性听力损伤,84
2022-08-04,职业性呼吸系统疾病,4
2022-08-04,职业性心血管系统系统疾病,16
2022-08-04,职业性泌尿生殖系统疾病,7
2022-08-05,其他疾病或异常,3048
2022-08-05,疑似职业病,1
2022-08-05,职业性中毒性肝病,2
2022-08-05,职业性中毒性肾病,1
2022-08-05,职业性内分泌系统疾病,1
2022-08-05,职业性听力损伤,63
2022-08-05,职业性呼吸系统疾病,3
2022-08-05,职业性心血管系统系统疾病,7
2022-08-05,职业性放射性疾病,1
2022-08-05,职业性泌尿生殖系统疾病,1
2022-08-06,其他疾病或异常,2117
2022-08-06,职业性中毒性肝病,2
2022-08-06,职业性听力损伤,68
2022-08-06,职业性呼吸系统疾病,7
2022-08-06,职业性心血管系统系统疾病,23
2022-08-06,职业性泌尿生殖系统疾病,5
2022-08-07,其他疾病或异常,1271
2022-08-07,职业性听力损伤,40
2022-08-07,职业性呼吸系统疾病,1
2022-08-07,职业性心血管系统系统疾病,3
2022-08-07,职业性泌尿生殖系统疾病,1
2022-08-08,其他疾病或异常,3139
2022-08-08,疑似职业病,1
2022-08-08,职业性中毒性肝病,1
2022-08-08,职业性中毒性肾病,1
2022-08-08,职业性听力损伤,82
2022-08-08,职业性呼吸系统疾病,2
2022-08-08,职业性心血管系统系统疾病,14
2022-08-08,职业性泌尿生殖系统疾病,4
2022-08-09,其他疾病或异常,3747
2022-08-09,疑似职业病,1
2022-08-09,职业性中毒性肝病,12
2022-08-09,职业性中毒性肾病,4
2022-08-09,职业性听力损伤,111
2022-08-09,职业性呼吸系统疾病,7
2022-08-09,职业性心血管系统系统疾病,6
2022-08-09,职业性泌尿生殖系统疾病,18
2022-08-09,职业性肿瘤,1
2022-08-10,其他疾病或异常,3837
2022-08-10,疑似职业病,1
2022-08-10,职业性听力损伤,114
2022-08-10,职业性呼吸系统疾病,4
2022-08-10,职业性心血管系统系统疾病,23
2022-08-10,职业性泌尿生殖系统疾病,13
2022-08-10,职业性眼病,1
2022-08-11,其他疾病或异常,2894
2022-08-11,疑似职业病,1
2022-08-11,职业性中毒性肝病,6
2022-08-11,职业性听力损伤,94
2022-08-11,职业性呼吸系统疾病,5
2022-08-11,职业性心血管系统系统疾病,7
2022-08-11,职业性放射性疾病,1
2022-08-11,职业性泌尿生殖系统疾病,3
2022-08-11,职业性眼病,1
2022-08-12,其他疾病或异常,2849
2022-08-12,疑似职业病,2
2022-08-12,职业性中毒性肝病,2
2022-08-12,职业性听力损伤,132
2022-08-12,职业性呼吸系统疾病,4
2022-08-12,职业性心血管系统系统疾病,15
2022-08-12,职业性泌尿生殖系统疾病,9
2022-08-13,其他疾病或异常,2086
2022-08-13,职业性中毒性肝病,4
2022-08-13,职业性听力损伤,55
2022-08-13,职业性呼吸系统疾病,2
2022-08-13,职业性心血管系统系统疾病,6
2022-08-13,职业性泌尿生殖系统疾病,2
2022-08-13,职业性神经系统疾病,5
2022-08-14,其他疾病或异常,2480
2022-08-14,疑似职业病,1
2022-08-14,职业性内分泌系统疾病,2
2022-08-14,职业性听力损伤,79
2022-08-14,职业性心血管系统系统疾病,13
2022-08-14,职业性泌尿生殖系统疾病,8
2022-08-15,其他疾病或异常,3533
2022-08-15,职业性听力损伤,100
2022-08-15,职业性呼吸系统疾病,5
2022-08-15,职业性心血管系统系统疾病,8
2022-08-15,职业性放射性疾病,1
2022-08-15,职业性泌尿生殖系统疾病,3
2022-08-15,职业性眼病,1
2022-08-16,其他疾病或异常,2863
2022-08-16,职业性中毒性肝病,1
2022-08-16,职业性听力损伤,90
2022-08-16,职业性呼吸系统疾病,2
2022-08-16,职业性心血管系统系统疾病,17
2022-08-16,职业性泌尿生殖系统疾病,6
2022-08-17,其他疾病或异常,2555
2022-08-17,职业性中毒性肝病,4
2022-08-17,职业性中毒性肾病,1
2022-08-17,职业性内分泌系统疾病,1
2022-08-17,职业性听力损伤,65
2022-08-17,职业性呼吸系统疾病,11
2022-08-17,职业性心血管系统系统疾病,11
2022-08-17,职业性泌尿生殖系统疾病,6
2022-08-17,职业性眼病,1
2022-08-18,其他疾病或异常,4800
2022-08-18,疑似职业病,1
2022-08-18,职业性中毒性肝病,2
2022-08-18,职业性中毒性肾病,1
2022-08-18,职业性内分泌系统疾病,1
2022-08-18,职业性听力损伤,167
2022-08-18,职业性呼吸系统疾病,5
2022-08-18,职业性心血管系统系统疾病,9
2022-08-18,职业性泌尿生殖系统疾病,13
2022-08-18,职业性神经系统疾病,1
2022-08-19,其他疾病或异常,2393
2022-08-19,疑似职业病,2
2022-08-19,职业性中毒性肝病,1
2022-08-19,职业性听力损伤,69
2022-08-19,职业性呼吸系统疾病,5
2022-08-19,职业性心血管系统系统疾病,1
2022-08-19,职业性泌尿生殖系统疾病,5
2022-08-19,职业性眼病,1
2022-08-20,其他疾病或异常,2497
2022-08-20,疑似职业病,1
2022-08-20,职业性中毒性肝病,1
2022-08-20,职业性内分泌系统疾病,1
2022-08-20,职业性听力损伤,56
2022-08-20,职业性呼吸系统疾病,2
2022-08-20,职业性心血管系统系统疾病,13
2022-08-20,职业性泌尿生殖系统疾病,10
2022-08-21,其他疾病或异常,1585
2022-08-21,疑似职业病,1
2022-08-21,职业性听力损伤,72
2022-08-21,职业性呼吸系统疾病,2
2022-08-21,职业性心血管系统系统疾病,3
2022-08-21,职业性泌尿生殖系统疾病,4
2022-08-22,其他疾病或异常,2871
2022-08-22,职业性听力损伤,79
2022-08-22,职业性呼吸系统疾病,8
2022-08-22,职业性心血管系统系统疾病,18
2022-08-22,职业性放射性疾病,1
2022-08-22,职业性泌尿生殖系统疾病,9
2022-08-23,其他疾病或异常,3893
2022-08-23,疑似职业病,1
2022-08-23,职业性听力损伤,126
2022-08-23,职业性呼吸系统疾病,4
2022-08-23,职业性心血管系统系统疾病,13
2022-08-23,职业性泌尿生殖系统疾病,11
2022-08-24,其他疾病或异常,5159
2022-08-24,职业性中毒性肝病,1
2022-08-24,职业性听力损伤,177
2022-08-24,职业性呼吸系统疾病,11
2022-08-24,职业性心血管系统系统疾病,37
2022-08-24,职业性泌尿生殖系统疾病,6
2022-08-24,职业性骨关节疾病,1
2022-08-25,其他疾病或异常,3660
2022-08-25,疑似职业病,1
2022-08-25,职业性听力损伤,106
2022-08-25,职业性呼吸系统疾病,5
2022-08-25,职业性心血管系统系统疾病,28
2022-08-25,职业性泌尿生殖系统疾病,6
2022-08-26,其他疾病或异常,2910
2022-08-26,职业性中毒性肝病,1
2022-08-26,职业性内分泌系统疾病,1
2022-08-26,职业性听力损伤,104
2022-08-26,职业性呼吸系统疾病,10
2022-08-26,职业性心血管系统系统疾病,8
2022-08-26,职业性放射性疾病,1
2022-08-26,职业性泌尿生殖系统疾病,5
2022-08-26,职业性神经系统疾病,1
2022-08-27,其他疾病或异常,3012
2022-08-27,职业性中毒性肝病,1
2022-08-27,职业性听力损伤,65
2022-08-27,职业性呼吸系统疾病,3
2022-08-27,职业性心血管系统系统疾病,2
2022-08-27,职业性泌尿生殖系统疾病,6
2022-08-28,其他疾病或异常,1258
2022-08-28,职业性内分泌系统疾病,2
2022-08-28,职业性听力损伤,42
2022-08-28,职业性呼吸系统疾病,3
2022-08-28,职业性心血管系统系统疾病,8
2022-08-28,职业性泌尿生殖系统疾病,4
2022-08-29,其他疾病或异常,4319
2022-08-29,疑似职业病,2
2022-08-29,职业性中毒性肝病,2
2022-08-29,职业性听力损伤,120
2022-08-29,职业性呼吸系统疾病,5
2022-08-29,职业性心血管系统系统疾病,10
2022-08-29,职业性泌尿生殖系统疾病,1
2022-08-30,其他疾病或异常,3658
2022-08-30,职业性内分泌系统疾病,1
2022-08-30,职业性听力损伤,93
2022-08-30,职业性呼吸系统疾病,4
2022-08-30,职业性心血管系统系统疾病,13
2022-08-30,职业性泌尿生殖系统疾病,12
2022-08-30,职业性眼病,1
2022-08-31,其他疾病或异常,2845
2022-08-31,职业性中毒性肾病,1
2022-08-31,职业性听力损伤,87
2022-08-31,职业性呼吸系统疾病,12
2022-08-31,职业性心血管系统系统疾病,17
2022-08-31,职业性泌尿生殖系统疾病,11
2022-09-01,其他疾病或异常,4695
2022-09-01,职业性中毒性肝病,3
2022-09-01,职业性听力损伤,98
2022-09-01,职业性呼吸系统疾病,4
2022-09-01,职业性心血管系统系统疾病,16
2022-09-01,职业性放射性疾病,2
2022-09-01,职业性泌尿生殖系统疾病,5
2022-09-02,其他疾病或异常,3619
2022-09-02,职业性中毒性肝病,5
2022-09-02,职业性听力损伤,94
2022-09-02,职业性呼吸系统疾病,8
2022-09-02,职业性心血管系统系统疾病,13
2022-09-02,职业性放射性疾病,2
2022-09-02,职业性泌尿生殖系统疾病,12
2022-09-02,职业性眼病,1
2022-09-03,其他疾病或异常,2545
2022-09-03,职业性中毒性肝病,1
2022-09-03,职业性听力损伤,66
2022-09-03,职业性呼吸系统疾病,7
2022-09-03,职业性心血管系统系统疾病,10
2022-09-03,职业性泌尿生殖系统疾病,2
2022-09-04,其他疾病或异常,1967
2022-09-04,职业性听力损伤,61
2022-09-04,职业性呼吸系统疾病,1
2022-09-04,职业性心血管系统系统疾病,12
2022-09-04,职业性泌尿生殖系统疾病,3
2022-09-05,其他疾病或异常,2762
2022-09-05,疑似职业病,1
2022-09-05,职业性中毒性肝病,1
2022-09-05,职业性听力损伤,93
2022-09-05,职业性呼吸系统疾病,2
2022-09-05,职业性心血管系统系统疾病,14
2022-09-05,职业性泌尿生殖系统疾病,2
2022-09-06,其他疾病或异常,2980
2022-09-06,疑似职业病,1
2022-09-06,职业性中毒性肝病,2
2022-09-06,职业性听力损伤,85
2022-09-06,职业性呼吸系统疾病,5
2022-09-06,职业性心血管系统系统疾病,11
2022-09-06,职业性放射性疾病,1
2022-09-06,职业性泌尿生殖系统疾病,3
2022-09-07,其他疾病或异常,3403
2022-09-07,疑似职业病,1
2022-09-07,职业性听力损伤,78
2022-09-07,职业性呼吸系统疾病,2
2022-09-07,职业性心血管系统系统疾病,6
2022-09-07,职业性泌尿生殖系统疾病,6
2022-09-07,职业性眼病,1
2022-09-08,其他疾病或异常,2608
2022-09-08,疑似职业病,1
2022-09-08,职业性中毒性肝病,1
2022-09-08,职业性听力损伤,76
2022-09-08,职业性呼吸系统疾病,3
2022-09-08,职业性心血管系统系统疾病,7
2022-09-09,其他疾病或异常,3072
2022-09-09,疑似职业病,1
2022-09-09,职业性中毒性肝病,8
2022-09-09,职业性内分泌系统疾病,1
2022-09-09,职业性听力损伤,92
2022-09-09,职业性呼吸系统疾病,4
2022-09-09,职业性心血管系统系统疾病,14
2022-09-09,职业性泌尿生殖系统疾病,8
2022-09-10,其他疾病或异常,265
2022-09-10,职业性听力损伤,11
2022-09-10,职业性心血管系统系统疾病,1
2022-09-10,职业性泌尿生殖系统疾病,2
2022-09-11,其他疾病或异常,1410
2022-09-11,职业性听力损伤,24
2022-09-11,职业性呼吸系统疾病,1
2022-09-11,职业性心血管系统系统疾病,3
2022-09-11,职业性泌尿生殖系统疾病,2
2022-09-12,其他疾病或异常,1738
2022-09-12,职业性中毒性肝病,4
2022-09-12,职业性听力损伤,37
2022-09-12,职业性呼吸系统疾病,2
2022-09-12,职业性心血管系统系统疾病,9
2022-09-12,职业性泌尿生殖系统疾病,6
2022-09-13,其他疾病或异常,2942
2022-09-13,疑似职业病,3
2022-09-13,职业性听力损伤,84
2022-09-13,职业性呼吸系统疾病,6
2022-09-13,职业性心血管系统系统疾病,6
2022-09-13,职业性泌尿生殖系统疾病,5
2022-09-14,其他疾病或异常,4184
2022-09-14,疑似职业病,1
2022-09-14,职业性中毒性肝病,1
2022-09-14,职业性中毒性肾病,1
2022-09-14,职业性听力损伤,170
2022-09-14,职业性呼吸系统疾病,8
2022-09-14,职业性心血管系统系统疾病,45
2022-09-14,职业性泌尿生殖系统疾病,12
2022-09-14,职业性眼病,2
2022-09-15,其他疾病或异常,3366
2022-09-15,职业性听力损伤,83
2022-09-15,职业性呼吸系统疾病,9
2022-09-15,职业性心血管系统系统疾病,24
2022-09-15,职业性泌尿生殖系统疾病,8
2022-09-16,其他疾病或异常,2992
2022-09-16,职业性中毒性肾病,1
2022-09-16,职业性听力损伤,85
2022-09-16,职业性呼吸系统疾病,4
2022-09-16,职业性心血管系统系统疾病,8
2022-09-16,职业性泌尿生殖系统疾病,5
2022-09-17,其他疾病或异常,1286
2022-09-17,职业性中毒性肝病,1
2022-09-17,职业性听力损伤,29
2022-09-17,职业性呼吸系统疾病,2
2022-09-17,职业性心血管系统系统疾病,8
2022-09-17,职业性泌尿生殖系统疾病,7
2022-09-18,其他疾病或异常,1510
2022-09-18,职业性听力损伤,31
2022-09-18,职业性呼吸系统疾病,1
2022-09-18,职业性心血管系统系统疾病,3
2022-09-18,职业性泌尿生殖系统疾病,1
2022-09-19,其他疾病或异常,4403
2022-09-19,疑似职业病,2
2022-09-19,职业性内分泌系统疾病,1
2022-09-19,职业性听力损伤,136
2022-09-19,职业性呼吸系统疾病,9
2022-09-19,职业性心血管系统系统疾病,20
2022-09-19,职业性放射性疾病,1
2022-09-19,职业性泌尿生殖系统疾病,10
2022-09-20,其他疾病或异常,3146
2022-09-20,职业性中毒性肾病,2
2022-09-20,职业性内分泌系统疾病,1
2022-09-20,职业性听力损伤,101
2022-09-20,职业性呼吸系统疾病,12
2022-09-20,职业性心血管系统系统疾病,15
2022-09-20,职业性泌尿生殖系统疾病,11
2022-09-20,职业性眼病,1
2022-09-21,其他疾病或异常,3636
2022-09-21,疑似职业病,1
2022-09-21,职业性内分泌系统疾病,2
2022-09-21,职业性听力损伤,139
2022-09-21,职业性呼吸系统疾病,8
2022-09-21,职业性心血管系统系统疾病,13
2022-09-21,职业性泌尿生殖系统疾病,7
2022-09-22,其他疾病或异常,4336
2022-09-22,职业性中毒性肾病,1
2022-09-22,职业性听力损伤,98
2022-09-22,职业性呼吸系统疾病,10
2022-09-22,职业性心血管系统系统疾病,10
2022-09-22,职业性泌尿生殖系统疾病,4
2022-09-22,职业性眼病,1
2022-09-23,其他疾病或异常,2474
2022-09-23,疑似职业病,1
2022-09-23,职业性中毒性肝病,1
2022-09-23,职业性听力损伤,62
2022-09-23,职业性呼吸系统疾病,3
2022-09-23,职业性心血管系统系统疾病,12
2022-09-23,职业性泌尿生殖系统疾病,5
2022-09-24,其他疾病或异常,1501
2022-09-24,疑似职业病,3
2022-09-24,职业性中毒性肝病,1
2022-09-24,职业性听力损伤,48
2022-09-24,职业性呼吸系统疾病,5
2022-09-24,职业性心血管系统系统疾病,5
2022-09-24,职业性泌尿生殖系统疾病,3
2022-09-25,其他疾病或异常,1921
2022-09-25,职业性听力损伤,68
2022-09-25,职业性呼吸系统疾病,1
2022-09-25,职业性心血管系统系统疾病,9
2022-09-25,职业性泌尿生殖系统疾病,3
2022-09-26,其他疾病或异常,4212
2022-09-26,疑似职业病,3
2022-09-26,职业性听力损伤,88
2022-09-26,职业性呼吸系统疾病,5
2022-09-26,职业性心血管系统系统疾病,14
2022-09-26,职业性泌尿生殖系统疾病,1
2022-09-27,其他疾病或异常,4964
2022-09-27,职业性中毒性肝病,1
2022-09-27,职业性听力损伤,114
2022-09-27,职业性呼吸系统疾病,5
2022-09-27,职业性心血管系统系统疾病,10
2022-09-27,职业性放射性疾病,2
2022-09-27,职业性泌尿生殖系统疾病,4
2022-09-28,其他疾病或异常,4961
2022-09-28,职业性听力损伤,95
2022-09-28,职业性呼吸系统疾病,8
2022-09-28,职业性心血管系统系统疾病,8
2022-09-28,职业性泌尿生殖系统疾病,3
2022-09-29,其他疾病或异常,4085
2022-09-29,职业性听力损伤,84
2022-09-29,职业性呼吸系统疾病,4
2022-09-29,职业性心血管系统系统疾病,8
2022-09-29,职业性泌尿生殖系统疾病,5
2022-09-30,其他疾病或异常,5730
2022-09-30,职业性中毒性肝病,31
2022-09-30,职业性中毒性肾病,1
2022-09-30,职业性内分泌系统疾病,1
2022-09-30,职业性听力损伤,105
2022-09-30,职业性呼吸系统疾病,4
2022-09-30,职业性心血管系统系统疾病,16
2022-09-30,职业性泌尿生殖系统疾病,6
2022-10-01,其他疾病或异常,324
2022-10-01,疑似职业病,1
2022-10-01,职业性中毒性肾病,1
2022-10-01,职业性听力损伤,14
2022-10-01,职业性呼吸系统疾病,1
2022-10-01,职业性心血管系统系统疾病,1
2022-10-01,职业性泌尿生殖系统疾病,1
2022-10-02,其他疾病或异常,362
2022-10-02,职业性听力损伤,3
2022-10-02,职业性心血管系统系统疾病,2
2022-10-03,其他疾病或异常,348
2022-10-03,疑似职业病,1
2022-10-03,职业性听力损伤,10
2022-10-03,职业性呼吸系统疾病,2
2022-10-04,其他疾病或异常,949
2022-10-04,职业性中毒性肾病,2
2022-10-04,职业性听力损伤,30
2022-10-04,职业性心血管系统系统疾病,2
2022-10-04,职业性泌尿生殖系统疾病,4
2022-10-05,其他疾病或异常,1315
2022-10-05,疑似职业病,1
2022-10-05,职业性听力损伤,34
2022-10-05,职业性呼吸系统疾病,2
2022-10-05,职业性心血管系统系统疾病,4
2022-10-05,职业性泌尿生殖系统疾病,3
2022-10-06,其他疾病或异常,1628
2022-10-06,职业性中毒性肝病,2
2022-10-06,职业性听力损伤,26
2022-10-06,职业性心血管系统系统疾病,4
2022-10-07,其他疾病或异常,1440
2022-10-07,职业性听力损伤,71
2022-10-07,职业性呼吸系统疾病,5
2022-10-07,职业性心血管系统系统疾病,3
2022-10-07,职业性放射性疾病,1
2022-10-07,职业性泌尿生殖系统疾病,1
2022-10-08,其他疾病或异常,2552
2022-10-08,疑似职业病,1
2022-10-08,职业性听力损伤,53
2022-10-08,职业性呼吸系统疾病,6
2022-10-08,职业性心血管系统系统疾病,5
2022-10-08,职业性放射性疾病,1
2022-10-08,职业性泌尿生殖系统疾病,5
2022-10-09,其他疾病或异常,2535
2022-10-09,职业性听力损伤,93
2022-10-09,职业性呼吸系统疾病,3
2022-10-09,职业性心血管系统系统疾病,7
2022-10-09,职业性放射性疾病,2
2022-10-09,职业性泌尿生殖系统疾病,1
2022-10-09,职业性眼病,1
2022-10-10,其他疾病或异常,2907
2022-10-10,疑似职业病,2
2022-10-10,职业性听力损伤,85
2022-10-10,职业性呼吸系统疾病,9
2022-10-10,职业性心血管系统系统疾病,28
2022-10-10,职业性泌尿生殖系统疾病,5
2022-10-11,其他疾病或异常,3468
2022-10-11,疑似职业病,3
2022-10-11,职业性中毒性肝病,1
2022-10-11,职业性听力损伤,106
2022-10-11,职业性呼吸系统疾病,15
2022-10-11,职业性心血管系统系统疾病,10
2022-10-11,职业性泌尿生殖系统疾病,15
2022-10-12,其他疾病或异常,4539
2022-10-12,职业性中毒性肝病,1
2022-10-12,职业性听力损伤,120
2022-10-12,职业性呼吸系统疾病,6
2022-10-12,职业性心血管系统系统疾病,21
2022-10-12,职业性泌尿生殖系统疾病,8
2022-10-13,其他疾病或异常,3958
2022-10-13,疑似职业病,3
2022-10-13,职业性中毒性肝病,1
2022-10-13,职业性听力损伤,116
2022-10-13,职业性呼吸系统疾病,8
2022-10-13,职业性心血管系统系统疾病,16
2022-10-13,职业性放射性疾病,1
2022-10-13,职业性泌尿生殖系统疾病,7
2022-10-14,其他疾病或异常,2916
2022-10-14,职业性听力损伤,112
2022-10-14,职业性呼吸系统疾病,14
2022-10-14,职业性心血管系统系统疾病,22
2022-10-14,职业性泌尿生殖系统疾病,4
2022-10-15,其他疾病或异常,1464
2022-10-15,职业性听力损伤,53
2022-10-15,职业性呼吸系统疾病,7
2022-10-15,职业性心血管系统系统疾病,14
2022-10-15,职业性泌尿生殖系统疾病,6
2022-10-16,其他疾病或异常,1431
2022-10-16,疑似职业病,2
2022-10-16,职业性听力损伤,20
2022-10-16,职业性心血管系统系统疾病,4
2022-10-16,职业性泌尿生殖系统疾病,1
2022-10-17,其他疾病或异常,4568
2022-10-17,疑似职业病,48
2022-10-17,职业性中毒性肝病,1
2022-10-17,职业性听力损伤,105
2022-10-17,职业性呼吸系统疾病,2
2022-10-17,职业性心血管系统系统疾病,13
2022-10-17,职业性泌尿生殖系统疾病,3
2022-10-18,其他疾病或异常,2345
2022-10-18,职业性中毒性肝病,3
2022-10-18,职业性中毒性肾病,1
2022-10-18,职业性听力损伤,65
2022-10-18,职业性呼吸系统疾病,4
2022-10-18,职业性心血管系统系统疾病,11
2022-10-18,职业性泌尿生殖系统疾病,1
2022-10-18,职业性眼病,1
2022-10-19,其他疾病或异常,3998
2022-10-19,职业性中毒性肝病,1
2022-10-19,职业性听力损伤,77
2022-10-19,职业性呼吸系统疾病,2
2022-10-19,职业性心血管系统系统疾病,14
2022-10-19,职业性泌尿生殖系统疾病,6
2022-10-20,其他疾病或异常,3199
2022-10-20,疑似职业病,1
2022-10-20,职业性听力损伤,63
2022-10-20,职业性呼吸系统疾病,5
2022-10-20,职业性心血管系统系统疾病,5
2022-10-21,其他疾病或异常,3999
2022-10-21,疑似职业病,3
2022-10-21,职业性听力损伤,74
2022-10-21,职业性呼吸系统疾病,9
2022-10-21,职业性心血管系统系统疾病,6
2022-10-21,职业性泌尿生殖系统疾病,2
2022-10-22,其他疾病或异常,2004
2022-10-22,疑似职业病,53
2022-10-22,职业性听力损伤,59
2022-10-22,职业性呼吸系统疾病,10
2022-10-22,职业性心血管系统系统疾病,6
2022-10-22,职业性放射性疾病,1
2022-10-22,职业性泌尿生殖系统疾病,4
2022-10-22,职业性皮肤病,1
2022-10-23,其他疾病或异常,1036
2022-10-23,职业性中毒性肝病,2
2022-10-23,职业性听力损伤,30
2022-10-23,职业性呼吸系统疾病,2
2022-10-23,职业性心血管系统系统疾病,4
2022-10-23,职业性泌尿生殖系统疾病,3
2022-10-24,其他疾病或异常,5215
2022-10-24,疑似职业病,3
2022-10-24,职业性中毒性肝病,1
2022-10-24,职业性听力损伤,130
2022-10-24,职业性呼吸系统疾病,15
2022-10-24,职业性心血管系统系统疾病,12
2022-10-24,职业性泌尿生殖系统疾病,1
2022-10-24,职业性骨关节疾病,1
2022-10-25,其他疾病或异常,6498
2022-10-25,疑似职业病,2
2022-10-25,职业性中毒性肝病,1
2022-10-25,职业性听力损伤,107
2022-10-25,职业性呼吸系统疾病,7
2022-10-25,职业性心血管系统系统疾病,20
2022-10-25,职业性放射性疾病,2
2022-10-25,职业性泌尿生殖系统疾病,19
2022-10-26,其他疾病或异常,3622
2022-10-26,职业性听力损伤,79
2022-10-26,职业性呼吸系统疾病,3
2022-10-26,职业性心血管系统系统疾病,2
2022-10-26,职业性泌尿生殖系统疾病,3
2022-10-27,其他疾病或异常,4791
2022-10-27,职业性中毒性肝病,1
2022-10-27,职业性听力损伤,44
2022-10-27,职业性呼吸系统疾病,2
2022-10-27,职业性心血管系统系统疾病,9
2022-10-27,职业性泌尿生殖系统疾病,2
2022-10-28,其他疾病或异常,2973
2022-10-28,职业性听力损伤,59
2022-10-28,职业性呼吸系统疾病,6
2022-10-28,职业性心血管系统系统疾病,21
2022-10-28,职业性泌尿生殖系统疾病,9
2022-10-29,其他疾病或异常,2982
2022-10-29,职业性内分泌系统疾病,1
2022-10-29,职业性听力损伤,20
2022-10-29,职业性呼吸系统疾病,1
2022-10-29,职业性心血管系统系统疾病,7
2022-10-29,职业性放射性疾病,1
2022-10-29,职业性泌尿生殖系统疾病,4
2022-10-30,其他疾病或异常,872
2022-10-30,职业性听力损伤,10
2022-10-30,职业性心血管系统系统疾病,1
2022-10-30,职业性泌尿生殖系统疾病,1
2022-10-31,其他疾病或异常,3747
2022-10-31,疑似职业病,3
2022-10-31,职业性听力损伤,72
2022-10-31,职业性呼吸系统疾病,11
2022-10-31,职业性心血管系统系统疾病,23
2022-10-31,职业性泌尿生殖系统疾病,3
2022-11-01,其他疾病或异常,3689
2022-11-01,职业性听力损伤,109
2022-11-01,职业性呼吸系统疾病,2
2022-11-01,职业性心血管系统系统疾病,20
2022-11-01,职业性泌尿生殖系统疾病,6
2022-11-02,其他疾病或异常,3190
2022-11-02,疑似职业病,1
2022-11-02,职业性中毒性肝病,3
2022-11-02,职业性听力损伤,63
2022-11-02,职业性呼吸系统疾病,3
2022-11-02,职业性心血管系统系统疾病,9
2022-11-02,职业性泌尿生殖系统疾病,1
2022-11-03,其他疾病或异常,2926
2022-11-03,疑似职业病,1
2022-11-03,职业性中毒性肝病,5
2022-11-03,职业性听力损伤,44
2022-11-03,职业性心血管系统系统疾病,10
2022-11-03,职业性泌尿生殖系统疾病,3
2022-11-04,其他疾病或异常,3730
2022-11-04,疑似职业病,1
2022-11-04,职业性中毒性肝病,3
2022-11-04,职业性听力损伤,77
2022-11-04,职业性呼吸系统疾病,6
2022-11-04,职业性心血管系统系统疾病,14
2022-11-04,职业性泌尿生殖系统疾病,6
2022-11-04,职业性眼病,1
2022-11-05,其他疾病或异常,2970
2022-11-05,疑似职业病,2
2022-11-05,职业性中毒性肝病,6
2022-11-05,职业性听力损伤,27
2022-11-05,职业性心血管系统系统疾病,6
2022-11-05,职业性泌尿生殖系统疾病,11
2022-11-06,其他疾病或异常,1051
2022-11-06,疑似职业病,1
2022-11-06,职业性听力损伤,15
2022-11-06,职业性心血管系统系统疾病,3
2022-11-07,其他疾病或异常,2995
2022-11-07,疑似职业病,1
2022-11-07,职业性中毒性肾病,1
2022-11-07,职业性听力损伤,64
2022-11-07,职业性呼吸系统疾病,4
2022-11-07,职业性心血管系统系统疾病,16
2022-11-07,职业性泌尿生殖系统疾病,2
2022-11-08,其他疾病或异常,2800
2022-11-08,职业性听力损伤,46
2022-11-08,职业性呼吸系统疾病,2
2022-11-08,职业性心血管系统系统疾病,6
2022-11-08,职业性泌尿生殖系统疾病,6
2022-11-09,其他疾病或异常,2329
2022-11-09,疑似职业病,1
2022-11-09,职业性中毒性肝病,6
2022-11-09,职业性听力损伤,61
2022-11-09,职业性呼吸系统疾病,2
2022-11-09,职业性心血管系统系统疾病,16
2022-11-09,职业性泌尿生殖系统疾病,8
2022-11-10,其他疾病或异常,3509
2022-11-10,疑似职业病,2
2022-11-10,职业性中毒性肝病,1
2022-11-10,职业性听力损伤,108
2022-11-10,职业性呼吸系统疾病,26
2022-11-10,职业性心血管系统系统疾病,26
2022-11-10,职业性泌尿生殖系统疾病,32
2022-11-10,职业性眼病,1
2022-11-11,其他疾病或异常,3971
2022-11-11,职业性中毒性肝病,1
2022-11-11,职业性中毒性肾病,2
2022-11-11,职业性听力损伤,68
2022-11-11,职业性呼吸系统疾病,2
2022-11-11,职业性心血管系统系统疾病,8
2022-11-11,职业性泌尿生殖系统疾病,5
2022-11-11,职业性神经系统疾病,1
2022-11-11,职业性骨关节疾病,1
2022-11-12,其他疾病或异常,1440
2022-11-12,疑似职业病,1
2022-11-12,职业性听力损伤,22
2022-11-12,职业性呼吸系统疾病,3
2022-11-12,职业性心血管系统系统疾病,5
2022-11-12,职业性泌尿生殖系统疾病,7
2022-11-13,其他疾病或异常,891
2022-11-13,职业性听力损伤,48
2022-11-13,职业性呼吸系统疾病,4
2022-11-13,职业性心血管系统系统疾病,32
2022-11-13,职业性泌尿生殖系统疾病,10
2022-11-14,其他疾病或异常,2736
2022-11-14,职业性听力损伤,62
2022-11-14,职业性心血管系统系统疾病,8
2022-11-14,职业性泌尿生殖系统疾病,4
2022-11-14,职业性眼病,1
2022-11-15,其他疾病或异常,4033
2022-11-15,疑似职业病,2
2022-11-15,职业性听力损伤,54
2022-11-15,职业性呼吸系统疾病,5
2022-11-15,职业性心血管系统系统疾病,16
2022-11-15,职业性泌尿生殖系统疾病,7
